Workbook

Sheet Single input 
L1: PRIMARY | P1: SECONDARY | R1: TERTIARY | W1: TOTAL PER PALLET | AD1: TOTAL PER ORDER
A2: Material number | B2: Quantity | L2: PAP | M2: CPAP | N2: HDPE | O2: PP | P2: PAP | Q2: #PPperSP | R2: FOR | S2: PAP | T2: LDPE | U2: PET | V2: #SPperTP | W2: FOR | X2: PAP | Y2: CPAP | Z2: PP | AA2: LDPE | AB2: PET | AC2: HDPE | AD2: FOR | AE2: PAP | AF2: CPAP | AG2: PP | AH2: LDPE | AI2: PET | AJ2: HDPE
K3: =VLOOKUP($A3,Data!$D$3:$CJ$128,30,FALSE) -> #N/A | L3: =VLOOKUP($A3,Data!$D$3:$CJ$128,64,FALSE) -> #N/A | M3: =VLOOKUP($A3,Data!$D$3:$CJ$128,65,FALSE) -> #N/A | N3: =VLOOKUP($A3,Data!$D$3:$CJ$128,66,FALSE) -> #N/A | O3: =VLOOKUP($A3,Data!$D$3:$CJ$128,67,FALSE) -> #N/A | P3: =VLOOKUP($A3,Data!$D$3:$CJ$128,68,FALSE) -> #N/A | Q3: =VLOOKUP($A3,Data!$D$3:$CJ$128,69,FALSE) -> #N/A | R3: =VLOOKUP($A3,Data!$D$3:$CJ$128,70,FALSE) -> #N/A | S3: =VLOOKUP($A3,Data!$D$3:$CJ$128,71,FALSE) -> #N/A | T3: =VLOOKUP($A3,Data!$D$3:$CJ$128,72,FALSE) -> #N/A | U3: =VLOOKUP($A3,Data!$D$3:$CJ$128,73,FALSE) -> #N/A | V3: =VLOOKUP($A3,Data!$D$3:$CJ$128,74,FALSE) -> #N/A | W3: =R3 -> #N/A | X3: =(((L3/1000)*Q3)+((P3/1000)*V3)+(S3/1000)) -> #N/A | Y3: =(((M3/1000)*Q3)*V3) -> #N/A | Z3: =(O3/1000)*Q3 -> #N/A | AA3: =T3/1000 -> #N/A | AB3: =U3/1000 -> #N/A | AC3: =(N3/1000)*Q3 -> #N/A | AD3: =$B3*W3 -> #N/A | AE3: =$B3*X3 -> #N/A | AF3: =$B3*Y3 -> #N/A | AG3: =$B3*Z3 -> #N/A | AH3: =$B3*AA3 -> #N/A | AI3: =$B3*AB3 -> #N/A | AJ3: =$B3*AC3 -> #N/A
A5: =K3 -> #N/A
A8: Totals per | B8: PALLET | C8: ORDER
A9: FOR | B9: =W3 -> #N/A | C9: =AD3 -> #N/A
A10: PAP | B10: =X3 -> #N/A | C10: =AE3 -> #N/A
A11: LDPE | B11: =AA3 -> #N/A | C11: =AH3 -> #N/A
A12: PET | B12: =AB3 -> #N/A | C12: =AI3 -> #N/A
A13: HDPE | B13: =AC3 -> #N/A | C13: =AJ3 -> #N/A
A14: PP | B14: =Z3 -> #N/A | C14: =AG3 -> #N/A
A16: PRIMARY
A17: =L2 -> PAP | B17: =L3 -> #N/A
A18: =M2 -> CPAP | B18: =M3 -> #N/A
A19: =N2 -> HDPE | B19: =N3 -> #N/A
A20: =O2 -> PP | B20: =O3 -> #N/A
A22: SECONDARY | B22: =Q3 -> #N/A | C22: PP per SP
A23: =P2 -> PAP | B23: =P3 -> #N/A
A25: TERTIARY | B25: =V3 -> #N/A | C25: SP per TP
A26: =R2 -> FOR | B26: =R3 -> #N/A
A27: =S2 -> PAP | B27: =S3 -> #N/A
A28: =T2 -> LDPE | B28: =T3 -> #N/A
A29: =U2 -> PET | B29: =U3 -> #N/A

Sheet Batch input
A1: Material number | B1: Quantity | D1: Totals
D2: FOR | E2: =('Batch details'!B432)/5 -> 0
D3: PAP | E3: ='Batch details'!B431 -> 0
D4: LDPE | E4: ='Batch details'!B434 -> 0
D5: PET | E5: ='Batch details'!B433 -> 0
D6: HDPE | E6: ='Batch details'!B436 -> 0
D7: PP | E7: ='Batch details'!B435 -> 0

Sheet Batch details
D1: PRIMARY | G1: SECONDARY | I1: TERTIARY | N1: TOTAL PER PALLET | T1: TOTAL PER ORDER
A2: Article number | B2: Quantity | D2: PAP | E2: HDPE | F2: PP | G2: PAP | H2: #PPperSP | I2: FOR | J2: PAP | K2: LDPE | L2: PET | M2: #SPperTP | N2: FOR | O2: PAP | P2: PP | Q2: LDPE | R2: PET | S2: HDPE | T2: FOR | U2: PAP | V2: PP | W2: LDPE | X2: PET | Y2: HDPE
A3: ='Batch input'!A2 -> 0 | B3: ='Batch input'!B2 -> 0 | C3: =VLOOKUP($A3,Data!$D$3:$CJ$128,30,FALSE) -> #N/A | D3: =VLOOKUP($A3,Data!$D$3:$CJ$128,64,FALSE) -> #N/A | E3: =VLOOKUP($A3,Data!$D$3:$CJ$128,66,FALSE) -> #N/A | F3: =VLOOKUP($A3,Data!$D$3:$CJ$128,67,FALSE) -> #N/A | G3: =VLOOKUP($A3,Data!$D$3:$CJ$128,68,FALSE) -> #N/A | H3: =VLOOKUP($A3,Data!$D$3:$CJ$128,69,FALSE) -> #N/A | I3: =VLOOKUP($A3,Data!$D$3:$CJ$128,70,FALSE) -> #N/A | J3: =VLOOKUP($A3,Data!$D$3:$CJ$128,71,FALSE) -> #N/A | K3: =VLOOKUP($A3,Data!$D$3:$CJ$128,72,FALSE) -> #N/A | L3: =VLOOKUP($A3,Data!$D$3:$CJ$128,73,FALSE) -> #N/A | M3: =VLOOKUP($A3,Data!$D$3:$CJ$128,74,FALSE) -> #N/A | N3: =I3 -> #N/A | O3: =(((D3/1000)*H3)+((G3/1000)*M3)+(J3/1000)) -> #N/A | P3: =(F3/1000)*H3 -> #N/A | Q3: =K3/1000 -> #N/A | R3: =L3/1000 -> #N/A | S3: =(E3/1000)*H3 -> #N/A | T3: =$B3*N3 -> #N/A | U3: =$B3*O3 -> #N/A | V3: =$B3*P3 -> #N/A | W3: =$B3*Q3 -> #N/A | X3: =$B3*R3 -> #N/A | Y3: =$B3*S3 -> #N/A
A4: ='Batch input'!A3 -> 0 | B4: ='Batch input'!B3 -> 0 | C4: =VLOOKUP($A4,Data!$D$3:$CJ$128,30,FALSE) -> #N/A | D4: =VLOOKUP($A4,Data!$D$3:$CJ$128,64,FALSE) -> #N/A | E4: =VLOOKUP($A4,Data!$D$3:$CJ$128,66,FALSE) -> #N/A | F4: =VLOOKUP($A4,Data!$D$3:$CJ$128,67,FALSE) -> #N/A | G4: =VLOOKUP($A4,Data!$D$3:$CJ$128,68,FALSE) -> #N/A | H4: =VLOOKUP($A4,Data!$D$3:$CJ$128,69,FALSE) -> #N/A | I4: =VLOOKUP($A4,Data!$D$3:$CJ$128,70,FALSE) -> #N/A | J4: =VLOOKUP($A4,Data!$D$3:$CJ$128,71,FALSE) -> #N/A | K4: =VLOOKUP($A4,Data!$D$3:$CJ$128,72,FALSE) -> #N/A | L4: =VLOOKUP($A4,Data!$D$3:$CJ$128,73,FALSE) -> #N/A | M4: =VLOOKUP($A4,Data!$D$3:$CJ$128,74,FALSE) -> #N/A | N4: =I4 -> #N/A | O4: =(((D4/1000)*H4)+((G4/1000)*M4)+(J4/1000)) -> #N/A | P4: =(F4/1000)*H4 -> #N/A | Q4: =K4/1000 -> #N/A | R4: =L4/1000 -> #N/A | S4: =(E4/1000)*H4 -> #N/A | T4: =$B4*N4 -> #N/A | U4: =$B4*O4 -> #N/A | V4: =$B4*P4 -> #N/A | W4: =$B4*Q4 -> #N/A | X4: =$B4*R4 -> #N/A | Y4: =$B4*S4 -> #N/A
A5: ='Batch input'!A4 -> 0 | B5: ='Batch input'!B4 -> 0 | C5: =VLOOKUP($A5,Data!$D$3:$CJ$128,30,FALSE) -> #N/A | D5: =VLOOKUP($A5,Data!$D$3:$CJ$128,64,FALSE) -> #N/A | E5: =VLOOKUP($A5,Data!$D$3:$CJ$128,66,FALSE) -> #N/A | F5: =VLOOKUP($A5,Data!$D$3:$CJ$128,67,FALSE) -> #N/A | G5: =VLOOKUP($A5,Data!$D$3:$CJ$128,68,FALSE) -> #N/A | H5: =VLOOKUP($A5,Data!$D$3:$CJ$128,69,FALSE) -> #N/A | I5: =VLOOKUP($A5,Data!$D$3:$CJ$128,70,FALSE) -> #N/A | J5: =VLOOKUP($A5,Data!$D$3:$CJ$128,71,FALSE) -> #N/A | K5: =VLOOKUP($A5,Data!$D$3:$CJ$128,72,FALSE) -> #N/A | L5: =VLOOKUP($A5,Data!$D$3:$CJ$128,73,FALSE) -> #N/A | M5: =VLOOKUP($A5,Data!$D$3:$CJ$128,74,FALSE) -> #N/A | N5: =I5 -> #N/A | O5: =(((D5/1000)*H5)+((G5/1000)*M5)+(J5/1000)) -> #N/A | P5: =(F5/1000)*H5 -> #N/A | Q5: =K5/1000 -> #N/A | R5: =L5/1000 -> #N/A | S5: =(E5/1000)*H5 -> #N/A | T5: =$B5*N5 -> #N/A | U5: =$B5*O5 -> #N/A | V5: =$B5*P5 -> #N/A | W5: =$B5*Q5 -> #N/A | X5: =$B5*R5 -> #N/A | Y5: =$B5*S5 -> #N/A
A6: ='Batch input'!A5 -> 0 | B6: ='Batch input'!B5 -> 0 | C6: =VLOOKUP($A6,Data!$D$3:$CJ$128,30,FALSE) -> #N/A | D6: =VLOOKUP($A6,Data!$D$3:$CJ$128,64,FALSE) -> #N/A | E6: =VLOOKUP($A6,Data!$D$3:$CJ$128,66,FALSE) -> #N/A | F6: =VLOOKUP($A6,Data!$D$3:$CJ$128,67,FALSE) -> #N/A | G6: =VLOOKUP($A6,Data!$D$3:$CJ$128,68,FALSE) -> #N/A | H6: =VLOOKUP($A6,Data!$D$3:$CJ$128,69,FALSE) -> #N/A | I6: =VLOOKUP($A6,Data!$D$3:$CJ$128,70,FALSE) -> #N/A | J6: =VLOOKUP($A6,Data!$D$3:$CJ$128,71,FALSE) -> #N/A | K6: =VLOOKUP($A6,Data!$D$3:$CJ$128,72,FALSE) -> #N/A | L6: =VLOOKUP($A6,Data!$D$3:$CJ$128,73,FALSE) -> #N/A | M6: =VLOOKUP($A6,Data!$D$3:$CJ$128,74,FALSE) -> #N/A | N6: =I6 -> #N/A | O6: =(((D6/1000)*H6)+((G6/1000)*M6)+(J6/1000)) -> #N/A | P6: =(F6/1000)*H6 -> #N/A | Q6: =K6/1000 -> #N/A | R6: =L6/1000 -> #N/A | S6: =(E6/1000)*H6 -> #N/A | T6: =$B6*N6 -> #N/A | U6: =$B6*O6 -> #N/A | V6: =$B6*P6 -> #N/A | W6: =$B6*Q6 -> #N/A | X6: =$B6*R6 -> #N/A | Y6: =$B6*S6 -> #N/A
A7: ='Batch input'!A6 -> 0 | B7: ='Batch input'!B6 -> 0 | C7: =VLOOKUP($A7,Data!$D$3:$CJ$128,30,FALSE) -> #N/A | D7: =VLOOKUP($A7,Data!$D$3:$CJ$128,64,FALSE) -> #N/A | E7: =VLOOKUP($A7,Data!$D$3:$CJ$128,66,FALSE) -> #N/A | F7: =VLOOKUP($A7,Data!$D$3:$CJ$128,67,FALSE) -> #N/A | G7: =VLOOKUP($A7,Data!$D$3:$CJ$128,68,FALSE) -> #N/A | H7: =VLOOKUP($A7,Data!$D$3:$CJ$128,69,FALSE) -> #N/A | I7: =VLOOKUP($A7,Data!$D$3:$CJ$128,70,FALSE) -> #N/A | J7: =VLOOKUP($A7,Data!$D$3:$CJ$128,71,FALSE) -> #N/A | K7: =VLOOKUP($A7,Data!$D$3:$CJ$128,72,FALSE) -> #N/A | L7: =VLOOKUP($A7,Data!$D$3:$CJ$128,73,FALSE) -> #N/A | M7: =VLOOKUP($A7,Data!$D$3:$CJ$128,74,FALSE) -> #N/A | N7: =I7 -> #N/A | O7: =(((D7/1000)*H7)+((G7/1000)*M7)+(J7/1000)) -> #N/A | P7: =(F7/1000)*H7 -> #N/A | Q7: =K7/1000 -> #N/A | R7: =L7/1000 -> #N/A | S7: =(E7/1000)*H7 -> #N/A | T7: =$B7*N7 -> #N/A | U7: =$B7*O7 -> #N/A | V7: =$B7*P7 -> #N/A | W7: =$B7*Q7 -> #N/A | X7: =$B7*R7 -> #N/A | Y7: =$B7*S7 -> #N/A
A8: ='Batch input'!A7 -> 0 | B8: ='Batch input'!B7 -> 0 | C8: =VLOOKUP($A8,Data!$D$3:$CJ$128,30,FALSE) -> #N/A | D8: =VLOOKUP($A8,Data!$D$3:$CJ$128,64,FALSE) -> #N/A | E8: =VLOOKUP($A8,Data!$D$3:$CJ$128,66,FALSE) -> #N/A | F8: =VLOOKUP($A8,Data!$D$3:$CJ$128,67,FALSE) -> #N/A | G8: =VLOOKUP($A8,Data!$D$3:$CJ$128,68,FALSE) -> #N/A | H8: =VLOOKUP($A8,Data!$D$3:$CJ$128,69,FALSE) -> #N/A | I8: =VLOOKUP($A8,Data!$D$3:$CJ$128,70,FALSE) -> #N/A | J8: =VLOOKUP($A8,Data!$D$3:$CJ$128,71,FALSE) -> #N/A | K8: =VLOOKUP($A8,Data!$D$3:$CJ$128,72,FALSE) -> #N/A | L8: =VLOOKUP($A8,Data!$D$3:$CJ$128,73,FALSE) -> #N/A | M8: =VLOOKUP($A8,Data!$D$3:$CJ$128,74,FALSE) -> #N/A | N8: =I8 -> #N/A | O8: =(((D8/1000)*H8)+((G8/1000)*M8)+(J8/1000)) -> #N/A | P8: =(F8/1000)*H8 -> #N/A | Q8: =K8/1000 -> #N/A | R8: =L8/1000 -> #N/A | S8: =(E8/1000)*H8 -> #N/A | T8: =$B8*N8 -> #N/A | U8: =$B8*O8 -> #N/A | V8: =$B8*P8 -> #N/A | W8: =$B8*Q8 -> #N/A | X8: =$B8*R8 -> #N/A | Y8: =$B8*S8 -> #N/A
A9: ='Batch input'!A8 -> 0 | B9: ='Batch input'!B8 -> 0 | C9: =VLOOKUP($A9,Data!$D$3:$CJ$128,30,FALSE) -> #N/A | D9: =VLOOKUP($A9,Data!$D$3:$CJ$128,64,FALSE) -> #N/A | E9: =VLOOKUP($A9,Data!$D$3:$CJ$128,66,FALSE) -> #N/A | F9: =VLOOKUP($A9,Data!$D$3:$CJ$128,67,FALSE) -> #N/A | G9: =VLOOKUP($A9,Data!$D$3:$CJ$128,68,FALSE) -> #N/A | H9: =VLOOKUP($A9,Data!$D$3:$CJ$128,69,FALSE) -> #N/A | I9: =VLOOKUP($A9,Data!$D$3:$CJ$128,70,FALSE) -> #N/A | J9: =VLOOKUP($A9,Data!$D$3:$CJ$128,71,FALSE) -> #N/A | K9: =VLOOKUP($A9,Data!$D$3:$CJ$128,72,FALSE) -> #N/A | L9: =VLOOKUP($A9,Data!$D$3:$CJ$128,73,FALSE) -> #N/A | M9: =VLOOKUP($A9,Data!$D$3:$CJ$128,74,FALSE) -> #N/A | N9: =I9 -> #N/A | O9: =(((D9/1000)*H9)+((G9/1000)*M9)+(J9/1000)) -> #N/A | P9: =(F9/1000)*H9 -> #N/A | Q9: =K9/1000 -> #N/A | R9: =L9/1000 -> #N/A | S9: =(E9/1000)*H9 -> #N/A | T9: =$B9*N9 -> #N/A | U9: =$B9*O9 -> #N/A | V9: =$B9*P9 -> #N/A | W9: =$B9*Q9 -> #N/A | X9: =$B9*R9 -> #N/A | Y9: =$B9*S9 -> #N/A
A10: ='Batch input'!A9 -> 0 | B10: ='Batch input'!B9 -> 0 | C10: =VLOOKUP($A10,Data!$D$3:$CJ$128,30,FALSE) -> #N/A | D10: =VLOOKUP($A10,Data!$D$3:$CJ$128,64,FALSE) -> #N/A | E10: =VLOOKUP($A10,Data!$D$3:$CJ$128,66,FALSE) -> #N/A | F10: =VLOOKUP($A10,Data!$D$3:$CJ$128,67,FALSE) -> #N/A | G10: =VLOOKUP($A10,Data!$D$3:$CJ$128,68,FALSE) -> #N/A | H10: =VLOOKUP($A10,Data!$D$3:$CJ$128,69,FALSE) -> #N/A | I10: =VLOOKUP($A10,Data!$D$3:$CJ$128,70,FALSE) -> #N/A | J10: =VLOOKUP($A10,Data!$D$3:$CJ$128,71,FALSE) -> #N/A | K10: =VLOOKUP($A10,Data!$D$3:$CJ$128,72,FALSE) -> #N/A | L10: =VLOOKUP($A10,Data!$D$3:$CJ$128,73,FALSE) -> #N/A | M10: =VLOOKUP($A10,Data!$D$3:$CJ$128,74,FALSE) -> #N/A | N10: =I10 -> #N/A | O10: =(((D10/1000)*H10)+((G10/1000)*M10)+(J10/1000)) -> #N/A | P10: =(F10/1000)*H10 -> #N/A | Q10: =K10/1000 -> #N/A | R10: =L10/1000 -> #N/A | S10: =(E10/1000)*H10 -> #N/A | T10: =$B10*N10 -> #N/A | U10: =$B10*O10 -> #N/A | V10: =$B10*P10 -> #N/A | W10: =$B10*Q10 -> #N/A | X10: =$B10*R10 -> #N/A | Y10: =$B10*S10 -> #N/A
A11: ='Batch input'!A10 -> 0 | B11: ='Batch input'!B10 -> 0 | C11: =VLOOKUP($A11,Data!$D$3:$CJ$128,30,FALSE) -> #N/A | D11: =VLOOKUP($A11,Data!$D$3:$CJ$128,64,FALSE) -> #N/A | E11: =VLOOKUP($A11,Data!$D$3:$CJ$128,66,FALSE) -> #N/A | F11: =VLOOKUP($A11,Data!$D$3:$CJ$128,67,FALSE) -> #N/A | G11: =VLOOKUP($A11,Data!$D$3:$CJ$128,68,FALSE) -> #N/A | H11: =VLOOKUP($A11,Data!$D$3:$CJ$128,69,FALSE) -> #N/A | I11: =VLOOKUP($A11,Data!$D$3:$CJ$128,70,FALSE) -> #N/A | J11: =VLOOKUP($A11,Data!$D$3:$CJ$128,71,FALSE) -> #N/A | K11: =VLOOKUP($A11,Data!$D$3:$CJ$128,72,FALSE) -> #N/A | L11: =VLOOKUP($A11,Data!$D$3:$CJ$128,73,FALSE) -> #N/A | M11: =VLOOKUP($A11,Data!$D$3:$CJ$128,74,FALSE) -> #N/A | N11: =I11 -> #N/A | O11: =(((D11/1000)*H11)+((G11/1000)*M11)+(J11/1000)) -> #N/A | P11: =(F11/1000)*H11 -> #N/A | Q11: =K11/1000 -> #N/A | R11: =L11/1000 -> #N/A | S11: =(E11/1000)*H11 -> #N/A | T11: =$B11*N11 -> #N/A | U11: =$B11*O11 -> #N/A | V11: =$B11*P11 -> #N/A | W11: =$B11*Q11 -> #N/A | X11: =$B11*R11 -> #N/A | Y11: =$B11*S11 -> #N/A
A12: ='Batch input'!A11 -> 0 | B12: ='Batch input'!B11 -> 0 | C12: =VLOOKUP($A12,Data!$D$3:$CJ$128,30,FALSE) -> #N/A | D12: =VLOOKUP($A12,Data!$D$3:$CJ$128,64,FALSE) -> #N/A | E12: =VLOOKUP($A12,Data!$D$3:$CJ$128,66,FALSE) -> #N/A | F12: =VLOOKUP($A12,Data!$D$3:$CJ$128,67,FALSE) -> #N/A | G12: =VLOOKUP($A12,Data!$D$3:$CJ$128,68,FALSE) -> #N/A | H12: =VLOOKUP($A12,Data!$D$3:$CJ$128,69,FALSE) -> #N/A | I12: =VLOOKUP($A12,Data!$D$3:$CJ$128,70,FALSE) -> #N/A | J12: =VLOOKUP($A12,Data!$D$3:$CJ$128,71,FALSE) -> #N/A | K12: =VLOOKUP($A12,Data!$D$3:$CJ$128,72,FALSE) -> #N/A | L12: =VLOOKUP($A12,Data!$D$3:$CJ$128,73,FALSE) -> #N/A | M12: =VLOOKUP($A12,Data!$D$3:$CJ$128,74,FALSE) -> #N/A | N12: =I12 -> #N/A | O12: =(((D12/1000)*H12)+((G12/1000)*M12)+(J12/1000)) -> #N/A | P12: =(F12/1000)*H12 -> #N/A | Q12: =K12/1000 -> #N/A | R12: =L12/1000 -> #N/A | S12: =(E12/1000)*H12 -> #N/A | T12: =$B12*N12 -> #N/A | U12: =$B12*O12 -> #N/A | V12: =$B12*P12 -> #N/A | W12: =$B12*Q12 -> #N/A | X12: =$B12*R12 -> #N/A | Y12: =$B12*S12 -> #N/A
A13: ='Batch input'!A12 -> 0 | B13: ='Batch input'!B12 -> 0 | C13: =VLOOKUP($A13,Data!$D$3:$CJ$128,30,FALSE) -> #N/A | D13: =VLOOKUP($A13,Data!$D$3:$CJ$128,64,FALSE) -> #N/A | E13: =VLOOKUP($A13,Data!$D$3:$CJ$128,66,FALSE) -> #N/A | F13: =VLOOKUP($A13,Data!$D$3:$CJ$128,67,FALSE) -> #N/A | G13: =VLOOKUP($A13,Data!$D$3:$CJ$128,68,FALSE) -> #N/A | H13: =VLOOKUP($A13,Data!$D$3:$CJ$128,69,FALSE) -> #N/A | I13: =VLOOKUP($A13,Data!$D$3:$CJ$128,70,FALSE) -> #N/A | J13: =VLOOKUP($A13,Data!$D$3:$CJ$128,71,FALSE) -> #N/A | K13: =VLOOKUP($A13,Data!$D$3:$CJ$128,72,FALSE) -> #N/A | L13: =VLOOKUP($A13,Data!$D$3:$CJ$128,73,FALSE) -> #N/A | M13: =VLOOKUP($A13,Data!$D$3:$CJ$128,74,FALSE) -> #N/A | N13: =I13 -> #N/A | O13: =(((D13/1000)*H13)+((G13/1000)*M13)+(J13/1000)) -> #N/A | P13: =(F13/1000)*H13 -> #N/A | Q13: =K13/1000 -> #N/A | R13: =L13/1000 -> #N/A | S13: =(E13/1000)*H13 -> #N/A | T13: =$B13*N13 -> #N/A | U13: =$B13*O13 -> #N/A | V13: =$B13*P13 -> #N/A | W13: =$B13*Q13 -> #N/A | X13: =$B13*R13 -> #N/A | Y13: =$B13*S13 -> #N/A
A14: ='Batch input'!A13 -> 0 | B14: ='Batch input'!B13 -> 0 | C14: =VLOOKUP($A14,Data!$D$3:$CJ$128,30,FALSE) -> #N/A | D14: =VLOOKUP($A14,Data!$D$3:$CJ$128,64,FALSE) -> #N/A | E14: =VLOOKUP($A14,Data!$D$3:$CJ$128,66,FALSE) -> #N/A | F14: =VLOOKUP($A14,Data!$D$3:$CJ$128,67,FALSE) -> #N/A | G14: =VLOOKUP($A14,Data!$D$3:$CJ$128,68,FALSE) -> #N/A | H14: =VLOOKUP($A14,Data!$D$3:$CJ$128,69,FALSE) -> #N/A | I14: =VLOOKUP($A14,Data!$D$3:$CJ$128,70,FALSE) -> #N/A | J14: =VLOOKUP($A14,Data!$D$3:$CJ$128,71,FALSE) -> #N/A | K14: =VLOOKUP($A14,Data!$D$3:$CJ$128,72,FALSE) -> #N/A | L14: =VLOOKUP($A14,Data!$D$3:$CJ$128,73,FALSE) -> #N/A | M14: =VLOOKUP($A14,Data!$D$3:$CJ$128,74,FALSE) -> #N/A | N14: =I14 -> #N/A | O14: =(((D14/1000)*H14)+((G14/1000)*M14)+(J14/1000)) -> #N/A | P14: =(F14/1000)*H14 -> #N/A | Q14: =K14/1000 -> #N/A | R14: =L14/1000 -> #N/A | S14: =(E14/1000)*H14 -> #N/A | T14: =$B14*N14 -> #N/A | U14: =$B14*O14 -> #N/A | V14: =$B14*P14 -> #N/A | W14: =$B14*Q14 -> #N/A | X14: =$B14*R14 -> #N/A | Y14: =$B14*S14 -> #N/A
... A428: ='Batch input'!A427 -> 0 | B428: ='Batch input'!B427 -> 0 | C428: =VLOOKUP($A428,Data!$D$3:$CJ$128,30,FALSE) -> #N/A | D428: =VLOOKUP($A428,Data!$D$3:$CJ$128,64,FALSE) -> #N/A | E428: =VLOOKUP($A428,Data!$D$3:$CJ$128,66,FALSE) -> #N/A | F428: =VLOOKUP($A428,Data!$D$3:$CJ$128,67,FALSE) -> #N/A | G428: =VLOOKUP($A428,Data!$D$3:$CJ$128,68,FALSE) -> #N/A | H428: =VLOOKUP($A428,Data!$D$3:$CJ$128,69,FALSE) -> #N/A | I428: =VLOOKUP($A428,Data!$D$3:$CJ$128,70,FALSE) -> #N/A | J428: =VLOOKUP($A428,Data!$D$3:$CJ$128,71,FALSE) -> #N/A | K428: =VLOOKUP($A428,Data!$D$3:$CJ$128,72,FALSE) -> #N/A | L428: =VLOOKUP($A428,Data!$D$3:$CJ$128,73,FALSE) -> #N/A | M428: =VLOOKUP($A428,Data!$D$3:$CJ$128,74,FALSE) -> #N/A | N428: =I428 -> #N/A | O428: =(((D428/1000)*H428)+((G428/1000)*M428)+(J428/1000)) -> #N/A | P428: =(F428/1000)*H428 -> #N/A | Q428: =K428/1000 -> #N/A | R428: =L428/1000 -> #N/A | S428: =(E428/1000)*H428 -> #N/A | T428: =$B428*N428 -> #N/A | U428: =$B428*O428 -> #N/A | V428: =$B428*P428 -> #N/A | W428: =$B428*Q428 -> #N/A | X428: =$B428*R428 -> #N/A | Y428: =$B428*S428 -> #N/A
A429: Totals | B429: =SUM(B3:B428) -> 0 | T429: =_xlfn.AGGREGATE(9,6,T3:T428) -> 0 | U429: =_xlfn.AGGREGATE(9,6,U3:U428) -> 0 | V429: =_xlfn.AGGREGATE(9,6,V3:V428) -> 0 | W429: =_xlfn.AGGREGATE(9,6,W3:W428) -> 0 | X429: =_xlfn.AGGREGATE(9,6,X3:X428) -> 0 | Y429: =_xlfn.AGGREGATE(9,6,Y3:Y428) -> 0
A431: Paper | B431: =U429 -> 0
A432: Wood | B432: =T429 -> 0
A433: PET | B433: =X429 -> 0
A434: LDPE | B434: =W429 -> 0
A435: PP | B435: =V429 -> 0
A436: HDPE | B436: =Y429 -> 0
B438: =SUM(B433:B436,B431) -> 0

Sheet Data
A1: 2e pricelist Wendy | B1: Pricelist Wendy | D1: List Pierre | BO1: PRIMARY | BS1: SECONDARY | BU1: TERTIARY | BZ1: TOTAL PER PALLET
D2: Item number | E2: Product status | F2: Price list | G2: Product hierarchy | H2: Product line | I2: Product description | J2: Long description | K2: Primary converters | L2: PSE required converters | M2: UOM | N2: Paper weight | O2: Detailed paper weight | P2: Number of plys | Q2: Paper quality | R2: Paper colour | S2: Country of origin | T2: EAN1 | U2: EAN3 | V2: Dimensions UOM | W2: Detail - Length of paper | X2: Detail-width of paper | Y2: Miscellaneous | Z2: Yield | AA2: Net weight of UOM | AB2: Roll diameter | AC2: Pack height | AD2: HS code | AE2: Pallet type | AF2: Bulk-Half pallet | AG2: Pallet description | AH2: Pallet length (m) | AI2: numberUOMperPallet | AJ2: Pallet width (m) | AK2: Pallet height (m) | AL2: Pallet dimensions | AM2: REACH Compliant | AN2: Gross weight pallet | AO2: Net weight pallet | AP2: PAP codes | AQ2: FSC product claim | AR2: FSC number | AS2: RoHS Compliant | AT2: Food safety (indirect) | AU2: Alternative fiber | AV2: Comm-Fresh fiber | AW2: Comm-Recycled fibers | AX2: Comm-Alternative fibers | AY2: Detail-Fresh fiber | AZ2: Detail-PIR | BA2: Detail-PCR | BB2: Fossil fuel use (MJ) | BC2: GHG emissions | BD2: Water use | BE2: Product pictures | BF2: Material safety datasheet | BG2: Product hierarchy narrative | BH2: Quality narrative | BI2: Created | BJ2: Created By | BK2: Title | BL2: Title | BM2: Is a Raja ref | BO2: PAP | BP2: CPAP | BQ2: HDPE | BR2: PP | BS2: PAP | BT2: #PPperSP | BU2: FOR | BV2: PAP | BW2: LDPE | BX2: PET | BY2: #SPperTP | BZ2: FOR | CA2: PAP | CB2: CPAP | CC2: PP | CD2: LDPE | CE2: PET | CF2: HDPE | CG2: Plastic 4 | CI2: Check
A3: 10000096 | B3: 10000096 | D3: 10000096 | E3: Active | F3: Yes | G3: Cushioning | H3: PadPak Compact | I3: PP Pack 1p 0.38*360m 70gsm PK | L3: PadPak Compact ; Fillpak Trident ; Fillpak Trident mini ; Fillpak Table Top cutter ; WrapPak Protector | M3: Pack | N3: 70gsm | O3: 70,0 g/m2 +/- 2,5 g/m² | P3: 1 | Q3: Premium Kraft | R3: Brown | S3: European Union | T3: 8721284290001 | V3: 0.38 x 360m | W3: 360 ± 4 | X3: 380 -1 +5 | AA3: 9.7 | AC3: 23 ± 3 | AD3: 48043158 | AE3: Euro | AG3: 48*PMF 70 360m | AH3: 0.8 | AI3: 48 | AJ3: 1.2 | AK3: 1.2 | AL3: 0.80 x 1.20 x 1.20m | AM3: Yes | AN3: 486 ±19 | AO3: 464 | AP3: PAP22 | AQ3: FSC Mix Credit | AR3: FSC-C134738 | AS3: RoHS Compliant | AT3: Yes | AV3: 0.85 | AW3: 0.15 | AY3: 0.85 | AZ3: 0 | BA3: 0.15 | BB3: 125 | BC3: 12 | BD3: 4.1 | BE3: - | BF3: - | BG3: Cushioning is used to protect fragile items during shipping. Packages are often handled with little or no care during transport, so precautions are needed to prevent damage. Shocks and vibration are controlled by cushioning, significantly reducing broken box contents and subsequent returns | BH3: Made using fresh renewable fibers from sustainably managed forests, Ranpak’s Premium Kraft paper provides superior protective performance. Designed to minimize CO2 emissions while fully curbside recyclable, Premium Kraft protects the planet as well as your goods. | BI3: 08/16/2024 11:03 AM | BJ3: Vu, Pierre | BM3: True | BO3: ='LookUp Roll&Packs'!$U$9 -> 43.19 | BR3: ='LookUp Roll&Packs'!$V$9 -> 5.22 | BT3: =AI3 -> 48 | BU3: ='LookUp Roll&Packs'!$BI$9 -> 22.56 | BV3: ='LookUp Roll&Packs'!$CO$9 -> 2796.7 | BW3: ='LookUp Roll&Packs'!$CQ$9 -> 175.14 | BX3: ='LookUp Roll&Packs'!$CP$9 -> 66.8 | BY3: 1 | BZ3: =BU3 -> 22.56 | CA3: =((BT3*BO3)+(BS3*BY3)+BV3)/1000 -> 4.86982 | CC3: =(BT3*BR3)/1000 -> 0.25056 | CD3: =BW3/1000 -> 0.17514 | CE3: =BX3/1000 -> 0.0668 | CH3: x | CI3: x | CJ3: x
A4: 10000097 | B4: 10000097 | D4: 10000097 | E4: Active | F4: Yes | G4: Cushioning | H4: PadPak Compact | I4: PP Pack 1p 0.38*360m 70gsm PK W. | L4: PadPak Compact ; Fillpak Trident ; Fillpak Trident bulk ; Fillpak Trident mini ; Fillpak Trident mini bulk ; Fillpak Table Top cutter ; WrapPak Protector ; | M4: Pack | N4: 70gsm | O4: 70,0 g/m2 +/- 2,5 g/m² | P4: 1 | Q4: Premium Kraft | R4: White | S4: European Union | T4: 8721284290018 | V4: 0.38 x 360m | W4: 360 ± 4 | X4: 380 -1 +5 | Y4: White | AA4: 9.5 | AC4: 23 ± 3 | AD4: 48043158 | AE4: Euro | AG4: 48*PMF 70 360m White | AH4: 0.8 | AI4: 48 | AJ4: 1.2 | AK4: 1.2 | AL4: 0.80 x 1.20 x 1.20m | AM4: Yes | AN4: 486 ±19 | AO4: 458 | AP4: PAP22 | AQ4: FSC Mix Credit | AR4: FSC-C134738 | AS4: RoHS Compliant | AT4: Yes | AV4: 0.85 | AW4: 0.15 | AY4: 0.85 | AZ4: 0 | BA4: 0.15 | BB4: 133 | BC4: 12 | BD4: 5.5 | BE4: - | BF4: - | BG4: Cushioning is used to protect fragile items during shipping. Packages are often handled with little or no care during transport, so precautions are needed to prevent damage. Shocks and vibration are controlled by cushioning, significantly reducing broken box contents and subsequent returns | BH4: Made using fresh renewable fibers from sustainably managed forests, Ranpak’s Premium Kraft paper provides superior protective performance. Designed to minimize CO2 emissions while fully curbside recyclable, Premium Kraft protects the planet as well as your goods. | BI4: 08/16/2024 11:03 AM | BJ4: Vu, Pierre | BM4: True | BO4: ='LookUp Roll&Packs'!$U$9 -> 43.19 | BR4: ='LookUp Roll&Packs'!$V$9 -> 5.22 | BT4: =AI4 -> 48 | BU4: ='LookUp Roll&Packs'!$BI$9 -> 22.56 | BV4: ='LookUp Roll&Packs'!$CO$9 -> 2796.7 | BW4: ='LookUp Roll&Packs'!$CQ$9 -> 175.14 | BX4: ='LookUp Roll&Packs'!$CP$9 -> 66.8 | BY4: 1 | BZ4: =BU4 -> 22.56 | CA4: =((AI4*BO4)+BV4)/1000 -> 4.86982 | CC4: =(AI4*BR4)/1000 -> 0.25056 | CD4: =BW4/1000 -> 0.17514 | CE4: =BX4/1000 -> 0.0668 | CH4: x | CI4: x | CJ4: x
A5: 10000098 | B5: 10000098 | D5: 10000098 | E5: Active | F5: Yes | G5: Cushioning | H5: PadPak Compact | I5: PP Pack 1p 0.38*360m 70gsm PK T. | L5: PadPak Compact ; Fillpak Trident ; Fillpak Trident bulk ; Fillpak Trident mini ; Fillpak Trident mini bulk ; Fillpak Table Top cutter ; WrapPak Protector ; | M5: Pack | N5: 70gsm | O5: 70,0 g/m2 +/- 2,5 g/m² | P5: 1 | Q5: Premium Kraft | R5: Brown | S5: European Union | T5: 8721284290025 | V5: 0.38 x 360m | W5: 360 ± 4 | X5: 380 -1 +5 | Y5: Tape | AA5: 9.7 | AC5: 23 ± 3 | AD5: 48043158 | AE5: Euro | AG5: 48*PMF 70 360m tape | AH5: 0.8 | AI5: 48 | AJ5: 1.2 | AK5: 1.2 | AL5: 0.80 x 1.20 x 1.20m | AM5: Yes | AN5: 486 ±19 | AO5: 464 | AP5: PAP22 | AQ5: FSC Mix Credit | AR5: FSC-C134738 | AS5: RoHS Compliant | AT5: Yes | AV5: 0.85 | AW5: 0.15 | AY5: 0.85 | AZ5: 0 | BA5: 0.15 | BB5: 125 | BC5: 12 | BD5: 4.1 | BE5: - | BF5: - | BG5: Cushioning is used to protect fragile items during shipping. Packages are often handled with little or no care during transport, so precautions are needed to prevent damage. Shocks and vibration are controlled by cushioning, significantly reducing broken box contents and subsequent returns | BH5: Made using fresh renewable fibers from sustainably managed forests, Ranpak’s Premium Kraft paper provides superior protective performance. Designed to minimize CO2 emissions while fully curbside recyclable, Premium Kraft protects the planet as well as your goods. | BI5: 08/16/2024 11:03 AM | BJ5: Vu, Pierre | BM5: True | BO5: ='LookUp Roll&Packs'!$U$9 -> 43.19 | BR5: ='LookUp Roll&Packs'!$V$9 -> 5.22 | BT5: =AI5 -> 48 | BU5: ='LookUp Roll&Packs'!$BI$9 -> 22.56 | BV5: ='LookUp Roll&Packs'!$CO$9 -> 2796.7 | BW5: ='LookUp Roll&Packs'!$CQ$9 -> 175.14 | BX5: ='LookUp Roll&Packs'!$CP$9 -> 66.8 | BY5: 1 | BZ5: =BU5 -> 22.56 | CA5: =((AI5*BO5)+BV5)/1000 -> 4.86982 | CC5: =(AI5*BR5)/1000 -> 0.25056 | CD5: =BW5/1000 -> 0.17514 | CE5: =BX5/1000 -> 0.0668 | CH5: x | CI5: x | CJ5: x
A6: 10000102 | B6: 10000102 | D6: 10000102 | E6: Active | F6: Yes | G6: Cushioning | H6: PadPak Compact | I6: PP Roll 2p 0.38*180m 50/70gsm PK/PK | L6: PadPak Compact | M6: Roll | N6: 50/70gsm | O6: 50,0 g/m2 +/- 2,0 g/m² (inner layer) ; 70,0 g/m2 +/- 2,5 g/m²(outer layer) | P6: 2 | Q6: Premium Kraft/Premium Kraft | R6: Brown | S6: European Union | T6: 8721284290032 | V6: 0.38 x 180m | W6: 180 ± 2 | X6: 380 -1 +5 | AA6: 8.3 | AB6: 20,4 ± 1 | AD6: 48043158 | AE6: Euro | AG6: 40*PML 50/70 180m | AH6: 0.8 | AI6: 40 | AJ6: 1.2 | AK6: 0.92 | AL6: 0.80 x 1.20 x 0.92m | AM6: Yes | AN6: 356 ±12 | AO6: 332 | AP6: PAP22 | AQ6: FSC Mix Credit | AR6: FSC-C134738 | AS6: RoHS Compliant | AT6: Yes | AV6: 0.85 | AW6: 0.15 | AY6: 0.85 | AZ6: 0 | BA6: 0.15 | BE6: - | BF6: - | BG6: Cushioning is used to protect fragile items during shipping. Packages are often handled with little or no care during transport, so precautions are needed to prevent damage. Shocks and vibration are controlled by cushioning, significantly reducing broken box contents and subsequent returns | BH6: Made using fresh renewable fibers from sustainably managed forests, Ranpak’s Premium Kraft paper provides superior protective performance. Designed to minimize CO2 emissions while fully curbside recyclable, Premium Kraft protects the planet as well as your goods. | BI6: 08/16/2024 11:03 AM | BJ6: Vu, Pierre | BM6: True | BO6: ='LookUp Roll&Packs'!$W$6 -> 92.18 | BT6: =AI6 -> 40 | BU6: ='LookUp Roll&Packs'!$CJ$6 -> 22.56 | BV6: ='LookUp Roll&Packs'!$CO$6 -> 257.38 | BW6: ='LookUp Roll&Packs'!$CQ$6 -> 135 | BY6: 1 | BZ6: =BU6 -> 22.56 | CA6: =((AI6*BO6)+BV6)/1000 -> 3.94458 | CD6: =BW6/1000 -> 0.135 | CH6: x | CI6: x | CJ6: x
A7: 10000106 | B7: 10000106 | D7: 10000106 | E7: Active | F7: Yes | G7: Wrapping | H7: Geami ExBox | I7: GE Exbox 0.51*82m 80/22gsm PK/PK | J7: Geami Exbox is a disposable dispenser box with 82m brown Geami paper and 137m Interleaf paper | K7: NA | L7: NA | M7: ExBox | N7: 80/22gsm | O7: 80,0 g/m2 +/- 3,0 g/m² (inner layer) 22,0 g/m2 +/- 1 g/m²(outer layer) | P7: 2 | Q7: Premium Kraft/Premium Kraft | R7: Brown/White | S7: European Union | V7: 0.51 x 82m | W7: 82 | X7: 0.51 | Y7: Exbox | AA7: 5.8 | AD7: 48043158 | AG7: 24*EXBOX Mini Br DC100%/Wh.IL | AH7: 0.8 | AJ7: 1.2 | AK7: 1 | AL7: 0.80 x 1.20 x 1.00m | AM7: Yes | AN7: 164 | AO7: 139 | AP7: PAP22 | AR7: FSC-C134738 | AS7: RoHS Compliant | AT7: Yes | AV7: 0.85 | AW7: 0.15 | AY7: 0.85 | AZ7: 0 | BA7: 0.15 | BB7: 0 | BC7: 0 | BD7: 0 | BE7: - | BF7: - | BG7: Wrapping is an important element of packaging, it offers surface production and is preventing products from scratching, chipping or denting during shipping | BH7: Made using fresh renewable fibers from sustainably managed forests, Ranpak’s Premium Kraft paper provides superior protective performance. Designed to minimize CO2 emissions while fully curbside recyclable, Premium Kraft protects the planet as well as your goods. | BI7: 08/16/2024 11:03 AM | BJ7: Vu, Pierre | BM7: True | BT7: =AI7 -> 0 | CJ7: x
A8: 10000107 | B8: 10000107 | D8: 10000107 | E8: Active | F8: Yes | G8: Wrapping | H8: Geami ExBox | I8: GE Exbox 0.51*82m 80/22gsm PK/PK W | J8: Geami Exbox is a disposable dispenser box with 82m white Geami paper and 137m Interleaf paper | K8: NA | L8: NA | M8: ExBox | N8: 80/22gsm | O8: 80,0 g/m2 +/- 3,0 g/m² (inner layer) 22,0 g/m2 +/- 1 g/m²(outer layer) | P8: 2 | Q8: Premium Kraft/Premium Kraft | R8: White/White | S8: European Union | V8: 0.51 x 82m | W8: 82 | X8: 0.51 | Y8: Exbox | AA8: 5.8 | AD8: 48043158 | AG8: 24*EXBOX Mini Wh DC100%/Wh.IL | AH8: 0.8 | AJ8: 1.2 | AK8: 1 | AL8: 0.80 x 1.20 x 1.00m | AM8: Yes | AN8: 164 | AO8: 139 | AP8: PAP22 | AR8: FSC-C134738 | AS8: RoHS Compliant | AT8: Yes | AV8: 0.85 | AW8: 0.15 | AY8: 0.85 | AZ8: 0 | BA8: 0.15 | BB8: 0 | BC8: 0 | BD8: 0 | BE8: - | BF8: - | BG8: Wrapping is an important element of packaging, it offers surface production and is preventing products from scratching, chipping or denting during shipping | BH8: Made using fresh renewable fibers from sustainably managed forests, Ranpak’s Premium Kraft paper provides superior protective performance. Designed to minimize CO2 emissions while fully curbside recyclable, Premium Kraft protects the planet as well as your goods. | BI8: 08/16/2024 11:03 AM | BJ8: Vu, Pierre | BM8: True | BT8: =AI8 -> 0 | CJ8: x
A9: 10000110 | B9: 10000110 | D9: 10000110 | E9: Active | F9: Yes | G9: Wrapping | H9: Geami ExBox | I9: GE Exbox 0.51*164m 80gsm PK | J9: Geami Exbox is a disposable dispenser box with 164m brown Geami paper | K9: NA | L9: NA | M9: ExBox | N9: 80gsm | O9: 80,0 g/m2 +/- 3,0 g/m² | P9: 1 | Q9: Premium Kraft | R9: Brown | S9: European Union | V9: 0.51 x 164m | W9: 164 | X9: 0.51 | Y9: Exbox | AA9: 8.2 | AD9: 48043158 | AG9: 30*EXBOX Mini Br DC100%/No.IL | AH9: 0.8 | AJ9: 1.2 | AK9: 1.3 | AL9: 0.80 x 1.20 x 1.30m | AM9: Yes | AN9: 270 | AO9: 245 | AP9: PAP22 | AR9: FSC-C134738 | AS9: RoHS Compliant | AT9: Yes | AV9: 0.85 | AW9: 0.15 | AY9: 0.85 | AZ9: 0 | BA9: 0.15 | BB9: 0 | BC9: 0 | BD9: 0 | BE9: - | BF9: - | BG9: Wrapping is an important element of packaging, it offers surface production and is preventing products from scratching, chipping or denting during shipping | BH9: Made using fresh renewable fibers from sustainably managed forests, Ranpak’s Premium Kraft paper provides superior protective performance. Designed to minimize CO2 emissions while fully curbside recyclable, Premium Kraft protects the planet as well as your goods. | BI9: 08/16/2024 11:03 AM | BJ9: Vu, Pierre | BM9: True | BT9: =AI9 -> 0 | CJ9: x
A10: 10000129 | B10: 10000129 | D10: 10000129 | E10: Active | F10: Yes | G10: Void Fill | H10: FillPak Go | I10: FP Box 1p 0.38*360m 70gsm EL | L10: Fillpak Go | M10: Pack | N10: 70gsm | O10: 70,0 g/m2 +/- 2,5 g/m² | P10: 1 | Q10: Ecoline | R10: Brown | S10: European Union | T10: 8721284290070 | V10: 0.38 x 360m | W10: 360 ± 4 | X10: 380 -1 +5 | Y10: - | AA10: 9.9 | AC10: 23 ± 3 | AD10: 48043158 | AE10: Euro | AG10: 48*Fillpak Go 70 360m | AH10: 0.8 | AI10: 48 | AJ10: 1.2 | AK10: 1.35 | AL10: 0.80 x 1.20 x 1.35m | AM10: Yes | AN10: 484 ±19 | AO10: 475 | AP10: PAP22 | AQ10: FSC Recycled 100% | AR10: FSC-C134738 | AS10: RoHS Compliant | AT10: No | AW10: 1 | AY10: 0 | AZ10: 0 | BA10: 1 | BB10: 98 | BC10: 12 | BD10: 8.2 | BE10: - | BF10: - | BG10: Void Fill is a paper filler material, used to close up the free space in your shipping box and lock products in place. When items are prevented from moving during transit, the chances of breakage go down. A paper-based filler offers excellent physical properties in terms of absorbing shocks and protecting sensitive products, and is also more sustainable than plastic alternatives. | BH10: Ecoline protects boxed items in the most economical way while using 100% recycled post-consumer waste materials. Consumer waste is the same paper that can be recycled in your curbside recycling bin, making Ecoline an exceptionally eco-friendly solution. | BI10: 08/16/2024 11:03 AM | BJ10: Vu, Pierre | BM10: True | BO10: ='LookUp Roll&Packs'!$U$9 -> 43.19 | BR10: ='LookUp Roll&Packs'!$V$9 -> 5.22 | BT10: =AI10 -> 48 | BU10: ='LookUp Roll&Packs'!$BI$9 -> 22.56 | BV10: ='LookUp Roll&Packs'!$CO$9 -> 2796.7 | BW10: ='LookUp Roll&Packs'!$CQ$9 -> 175.14 | BX10: ='LookUp Roll&Packs'!$CP$9 -> 66.8 | BY10: 1 | BZ10: =BU10 -> 22.56 | CA10: =((AI10*BO10)+BV10)/1000 -> 4.86982 | CC10: =(AI10*BR10)/1000 -> 0.25056 | CD10: =BW10/1000 -> 0.17514 | CE10: =BX10/1000 -> 0.0668 | CH10: x | CI10: x | CJ10: x
A11: 10000135 | B11: 10000135 | D11: 10000135 | E11: Not active | F11: Yes | G11: Void Fill | H11: FillPak | I11: FP Pack 1p 0.76*430m 60gsm PK W. | L11: - | M11: Pack | N11: 60gsm | O11: 60,0 g/m2 +/- 2,0 g/m² | P11: 1 | Q11: Premium Kraft | R11: White | S11: European Union | V11: 0.76 x 430m | W11: 430 | X11: 0.76 | Y11: White | AA11: 19.5 | AD11: 48043158 | AE11: Euro | AG11: 24*FS 60 430m white | AH11: 0.8 | AJ11: 1.2 | AK11: 1.2 | AL11: 0.80 x 1.20 x 1.20m | AM11: Yes | AN11: 493.992 | AO11: 469 | AP11: PAP22 | AR11: FSC-C134738 | AS11: RoHS Compliant | AT11: Yes | AV11: 0.85 | AW11: 0.15 | AY11: 0.85 | AZ11: 0 | BA11: 0.15 | BE11: - | BF11: - | BG11: Void Fill is a paper filler material, used to close up the free space in your shipping box and lock products in place. When items are prevented from moving during transit, the chances of breakage go down. A paper-based filler offers excellent physical properties in terms of absorbing shocks and protecting sensitive products, and is also more sustainable than plastic alternatives. | BH11: Made using fresh renewable fibers from sustainably managed forests, Ranpak’s Premium Kraft paper provides superior protective performance. Designed to minimize CO2 emissions while fully curbside recyclable, Premium Kraft protects the planet as well as your goods. | BI11: 08/16/2024 11:03 AM | BJ11: Vu, Pierre | BM11: True | BT11: =AI11 -> 0 | BZ11: =BU11 -> 0 | CA11: =((AI11*BO11)+BV11)/1000 -> 0 | CJ11: x
A12: 10000137 | B12: 10000137 | D12: 10000137 | E12: Active | F12: Yes | G12: Void Fill | H12: FillPak | I12: FP Pack 1p 0.76*400m 50gsm PK | L12: Fillpak ; FillPak High speed ; Fillpak Accufill ; PadPak Senior ; PadPak Senior Plus ; PadPak Senior coiler ; PadPak Senior Plus coiler ; PadPak Light Cushioning | M12: Pack | N12: 50gsm | O12: 50,0 g/m2 +/- 2,0 g/m² | P12: 1 | Q12: Premium Kraft | R12: Brown | S12: European Union | T12: 8721284290087 | V12: 0.76 x 400m | W12: 400 ± 4 | X12: 760 -1 +5 | AA12: 15.1 | AC12: 21 ± 3 | AD12: 48043158 | AE12: Euro | AG12: 24*FH 50 400m | AH12: 0.8 | AI12: 24 | AJ12: 1.2 | AK12: 1.2 | AL12: 0.80 x 1.20 x 1.20m | AM12: Yes | AN12: 391 ±14 | AO12: 363 | AP12: PAP22 | AQ12: FSC Mix Credit | AR12: FSC-C134738 | AS12: RoHS Compliant | AT12: Yes | AV12: 0.85 | AW12: 0.15 | AY12: 0.85 | AZ12: 0 | BA12: 0.15 | BB12: 205 | BC12: 19 | BD12: 9.8 | BE12: - | BF12: - | BG12: Void Fill is a paper filler material, used to close up the free space in your shipping box and lock products in place. When items are prevented from moving during transit, the chances of breakage go down. A paper-based filler offers excellent physical properties in terms of absorbing shocks and protecting sensitive products, and is also more sustainable than plastic alternatives. | BH12: Made using fresh renewable fibers from sustainably managed forests, Ranpak’s Premium Kraft paper provides superior protective performance. Designed to minimize CO2 emissions while fully curbside recyclable, Premium Kraft protects the planet as well as your goods. | BI12: 08/16/2024 11:03 AM | BJ12: Vu, Pierre | BM12: True | BO12: ='LookUp Roll&Packs'!$U$7 -> 80.74 | BR12: ='LookUp Roll&Packs'!$V$7 -> 5.22 | BT12: =AI12 -> 24 | BU12: ='LookUp Roll&Packs'!$BI$7 -> 22.56 | BV12: ='LookUp Roll&Packs'!$CO$7 -> 2796.7 | BW12: ='LookUp Roll&Packs'!$CQ$7 -> 175.14 | BX12: ='LookUp Roll&Packs'!$CP$7 -> 66.8 | BY12: 1 | BZ12: =BU12 -> 22.56 | CA12: =((AI12*BO12)+BV12)/1000 -> 4.73446 | CC12: =(AI12*BR12)/1000 -> 0.12528 | CD12: =BW12/1000 -> 0.17514 | CE12: =BX12/1000 -> 0.0668 | CH12: x | CI12: x | CJ12: x
A13: 10000140 | B13: 10000140 | D13: 10000140 | E13: Active | F13: Yes | G13: Void Fill | H13: FillPak | I13: FP Bulkpack 1p 0.76*12000m 50gsm PK | L13: Fillpak bulk ; FillPak High speed ; Fillpak Accufill ; ; ; ; ; | M13: Bulk | N13: 50gsm | O13: 50,0 g/m2 +/- 2,0 g/m² | P13: 1 | Q13: Premium Kraft | R13: Brown | S13: European Union | T13: 8721284290094 | V13: 0.76 x 12000m | W13: 12000 ± 120 | X13: 760 -1 +5 | Y13: - | AA13: 455 | AC13: 23 ± 3 | AD13: 48043158 | AE13: Euro | AF13: BULK | AG13: 24*FS 50 500m FP BULK | AH13: 0.8 | AI13: 1 | AJ13: 1.2 | AK13: 1.2 | AL13: 0.80 x 1.20 x 1.20m | AM13: Yes | AN13: 482 ±18 | AO13: 455 | AP13: PAP22 | AQ13: FSC Mix Credit | AR13: FSC-C134738 | AS13: RoHS Compliant | AT13: Yes | AV13: 0.85 | AW13: 0.15 | AY13: 0.85 | AZ13: 0 | BA13: 0.15 | BB13: 6,049 | BC13: 567 | BD13: 273.6 | BE13: - | BF13: - | BG13: Void Fill is a paper filler material, used to close up the free space in your shipping box and lock products in place. When items are prevented from moving during transit, the chances of breakage go down. A paper-based filler offers excellent physical properties in terms of absorbing shocks and protecting sensitive products, and is also more sustainable than plastic alternatives. | BH13: Made using fresh renewable fibers from sustainably managed forests, Ranpak’s Premium Kraft paper provides superior protective performance. Designed to minimize CO2 emissions while fully curbside recyclable, Premium Kraft protects the planet as well as your goods. | BI13: 08/16/2024 11:03 AM | BJ13: Vu, Pierre | BM13: True | BT13: =AI13 -> 1 | BU13: 22.56 | BV13: 2796.7 | BW13: ?? | BX13: ?? | BZ13: =BU13 -> 22.56 | CI13: x | CJ13: x
A14: 10000143 | B14: 10000143 | D14: 10000143 | E14: Active | F14: Yes | G14: Void Fill | H14: FillPak | I14: FP Pack 1p 0.57*500m 50gsm RK | L14: Fillpak Stream line ; ; ; ; ; ; ; | M14: Pack | N14: 50gsm | O14: 50,0 g/m2 +/- 2,0 g/m² | P14: 1 | Q14: Recycled Kraft | R14: Brown | S14: European Union | T14: 8721284290100 | V14: 0.57 x 500m | W14: 500 ± 5 | X14: 570 -1 +5 | AA14: 14.2 | AC14: 23 ± 3 | AD14: 48043158 | AE14: Euro | AG14: 32*FSL 50 500m R 22,5" | AH14: 0.8 | AI14: 32 | AJ14: 1.2 | AK14: 1.2 | AL14: 0.80 x 1.20 x 1.20m | AM14: Yes | AN14: 482 ±19 | AO14: 455 | AP14: PAP22 | AQ14: FSC Mix Credit | AR14: FSC-C134738 | AS14: RoHS Compliant | AT14: No | AV14: 0.15 | AW14: 0.85 | AY14: 0.15 | AZ14: 0.3 | BA14: 0.55 | BB14: 168 | BC14: 18 | BD14: 10.1 | BE14: - | BF14: - | BG14: Void Fill is a paper filler material, used to close up the free space in your shipping box and lock products in place. When items are prevented from moving during transit, the chances of breakage go down. A paper-based filler offers excellent physical properties in terms of absorbing shocks and protecting sensitive products, and is also more sustainable than plastic alternatives. | BH14: Recycled Kraft is primarily sourced from the strong fibers of post-industrial recycled paper, which not only ensures high-quality protective performance, but also results in a low carbon footprint along with the curbside recyclability of Ranpak paper. | BI14: 08/16/2024 11:03 AM | BJ14: Vu, Pierre | BM14: True | BO14: ='LookUp Roll&Packs'!$U$8 -> 61.97 | BR14: ='LookUp Roll&Packs'!$V$8 -> 5.22 | BT14: =AI14 -> 32 | BU14: ='LookUp Roll&Packs'!$BI$8 -> 22.56 | BV14: ='LookUp Roll&Packs'!$CO$8 -> 2796.7 | BW14: ='LookUp Roll&Packs'!$CQ$8 -> 175.14 | BX14: ='LookUp Roll&Packs'!$CP$8 -> 66.8 | BY14: 1 | BZ14: =BU14 -> 22.56 | CA14: =((AI14*BO14)+BV14)/1000 -> 4.77974 | CC14: =(AI14*BR14)/1000 -> 0.16704 | CD14: =BW14/1000 -> 0.17514 | CE14: =BX14/1000 -> 0.0668 | CH14: x | CI14: x | CJ14: x
A15: 10000145 | B15: 10000145 | D15: 10000145 | E15: Active | F15: Yes | G15: Void Fill | H15: FillPak | I15: FP Pack 1p 0.57*360m 70gsm RK | L15: Fillpak Stream line ; ; ; ; ; ; ; | M15: Pack | N15: 70gsm | O15: 70,0 g/m2 +/- 2,5 g/m² | P15: 1 | Q15: Recycled Kraft | R15: Brown | S15: European Union | T15: 8721284290117 | V15: 0.57 x 360m | W15: 360 ± 4 | X15: 570 -1 +5 | AA15: 14.3 | AC15: 23 ± 3 | AD15: 48043158 | AE15: Euro | AG15: 32*FSL 70 360m R 22,5" | AH15: 0.8 | AI15: 32 | AJ15: 1.2 | AK15: 1.2 | AL15: 0.80 x 1.20 x 1.20m | AM15: Yes | AN15: 486 ±16 | AO15: 458 | AP15: PAP22 | AQ15: FSC Mix Credit | AR15: FSC-C134738 | AS15: RoHS Compliant | AT15: No | AV15: 0.15 | AW15: 0.85 | AY15: 0.15 | AZ15: 0.3 | BA15: 0.55 | BB15: 169 | BC15: 18 | BD15: 9.9 | BE15: - | BF15: - | BG15: Void Fill is a paper filler material, used to close up the free space in your shipping box and lock products in place. When items are prevented from moving during transit, the chances of breakage go down. A paper-based filler offers excellent physical properties in terms of absorbing shocks and protecting sensitive products, and is also more sustainable than plastic alternatives. | BH15: Recycled Kraft is primarily sourced from the strong fibers of post-industrial recycled paper, which not only ensures high-quality protective performance, but also results in a low carbon footprint along with the curbside recyclability of Ranpak paper. | BI15: 08/16/2024 11:04 AM | BJ15: Vu, Pierre | BM15: True | BO15: ='LookUp Roll&Packs'!$U$8 -> 61.97 | BR15: ='LookUp Roll&Packs'!$V$8 -> 5.22 | BT15: =AI15 -> 32 | BU15: ='LookUp Roll&Packs'!$BI$8 -> 22.56 | BV15: ='LookUp Roll&Packs'!$CO$8 -> 2796.7 | BW15: ='LookUp Roll&Packs'!$CQ$8 -> 175.14 | BX15: ='LookUp Roll&Packs'!$CP$8 -> 66.8 | BY15: 1 | BZ15: =BU15 -> 22.56 | CA15: =((AI15*BO15)+BV15)/1000 -> 4.77974 | CC15: =(AI15*BR15)/1000 -> 0.16704 | CD15: =BW15/1000 -> 0.17514 | CE15: =BX15/1000 -> 0.0668 | CH15: x | CI15: x | CJ15: x
A16: 10000146 | B16: 10000146 | D16: 10000146 | E16: Active | F16: Yes | G16: Void Fill | H16: FillPak | I16: FP Pack 1p 0.57*360m 70gsm EL | L16: Fillpak Stream line ; ; ; ; ; ; ; | M16: Pack | N16: 70gsm | O16: 70,0 g/m2 +/- 2,5 g/m² | P16: 1 | Q16: Ecoline | R16: Brown | S16: European Union | T16: 8721284290124 | V16: 0.57 x 360m | W16: 360 ± 4 | X16: 570 -1 +5 | AA16: 14.3 | AC16: 23 ± 3 | AD16: 48043158 | AE16: Euro | AG16: 32*FSLG 70 360m 22,5"Greenline | AH16: 0.8 | AI16: 32 | AJ16: 1.2 | AK16: 1.2 | AL16: 0.80 x 1.20 x 1.20m | AM16: Yes | AN16: 486 ±16 | AO16: 458 | AP16: PAP22 | AQ16: FSC Recycled 100% | AR16: FSC-C134738 | AS16: RoHS Compliant | AT16: No | AW16: 1 | AY16: 0 | AZ16: 0 | BA16: 1 | BB16: 140 | BC16: 18 | BD16: 11.8 | BE16: - | BF16: - | BG16: Void Fill is a paper filler material, used to close up the free space in your shipping box and lock products in place. When items are prevented from moving during transit, the chances of breakage go down. A paper-based filler offers excellent physical properties in terms of absorbing shocks and protecting sensitive products, and is also more sustainable than plastic alternatives. | BH16: Ecoline protects boxed items in the most economical way while using 100% recycled post-consumer waste materials. Consumer waste is the same paper that can be recycled in your curbside recycling bin, making Ecoline an exceptionally eco-friendly solution. | BI16: 08/16/2024 11:04 AM | BJ16: Vu, Pierre | BM16: True | BO16: ='LookUp Roll&Packs'!$U$8 -> 61.97 | BR16: ='LookUp Roll&Packs'!$V$8 -> 5.22 | BT16: =AI16 -> 32 | BU16: ='LookUp Roll&Packs'!$BI$8 -> 22.56 | BV16: ='LookUp Roll&Packs'!$CO$8 -> 2796.7 | BW16: ='LookUp Roll&Packs'!$CQ$8 -> 175.14 | BX16: ='LookUp Roll&Packs'!$CP$8 -> 66.8 | BY16: 1 | BZ16: =BU16 -> 22.56 | CA16: =((AI16*BO16)+BV16)/1000 -> 4.77974 | CC16: =(AI16*BR16)/1000 -> 0.16704 | CD16: =BW16/1000 -> 0.17514 | CE16: =BX16/1000 -> 0.0668 | CH16: x | CI16: x | CJ16: x
A17: 10000192 | B17: 10000192 | D17: 10000192 | E17: Active | F17: Yes | G17: Wrapping | H17: Geami Wrap'n Go | I17: GE Roll DC 0.51*164m 80gsm PK | J17: Roll with 164m brown Geami paper | K17: Geami MV, Geami Wrap 'n Go | L17: Geami HV, Geami MV, Geami Wrap 'n Go | M17: Roll | N17: 80gsm | O17: 80,0 g/m2 +/- 3,0 g/m² | P17: 1 | Q17: Premium Kraft | R17: Brown | S17: European Union | T17: 8721284290131 | V17: 0.51 x 164m | W17: 164 | X17: 0.51 | AA17: 6.8 | AB17: 17,1 ± 1 | AD17: 48042110 | AG17: 30 * DC 20" 164m | AH17: 0.8 | AI17: 30 | AJ17: 1.2 | AK17: 0.66 | AL17: 0.80 x 1.20 x 0.66m | AM17: Yes | AN17: 228 | AO17: 203 | AP17: PAP22 | AQ17: FSC Mix Credit | AR17: FSC-C134738 | AS17: RoHS Compliant | AT17: Yes | AV17: 0.85 | AW17: 0.15 | AY17: 0.85 | AZ17: 0 | BA17: 0.15 | BB17: 0 | BC17: 0 | BD17: 0 | BE17: - | BF17: - | BG17: Wrapping is an important element of packaging, it offers surface production and is preventing products from scratching, chipping or denting during shipping | BH17: Made using fresh renewable fibers from sustainably managed forests, Ranpak’s Premium Kraft paper provides superior protective performance. Designed to minimize CO2 emissions while fully curbside recyclable, Premium Kraft protects the planet as well as your goods. | BI17: 08/16/2024 11:04 AM | BJ17: Vu, Pierre | BM17: True | BO17: ='LookUp Roll&Packs'!$W$11 -> 182.41 | BT17: =AI17 -> 30 | BU17: ='LookUp Roll&Packs'!$CJ$11 -> 22.56 | BV17: ='LookUp Roll&Packs'!$CO$11 -> 514.76 | BW17: ='LookUp Roll&Packs'!$CQ$11 -> 156.29 | CH17: x | CI17: x | CJ17: x
A18: 10000193 | B18: 10000193 | D18: 10000193 | E18: Active | F18: Yes | G18: Wrapping | H18: Geami HV | I18: GE 500 pc DC 0.51*0.4m 80gsm PK | J18: Geami sheets with in size 50.8 x 40cm that are packed with 500 sheets per box | K18: NA | L18: NA | M18: Carton | N18: 80gsm | O18: 80,0 g/m2 +/- 3,0 g/m² | P18: 1 | Q18: Premium Kraft | R18: Brown | S18: European Union | V18: 0.51 x 0.4m | W18: 0.4 | X18: 0.51 | Y18: Sheets | AA18: 8.9 | AD18: 48043158 | AG18: 48 * DC 20” Sheets 500*0.4m | AH18: 0.8 | AJ18: 1.2 | AK18: 1 | AL18: 0.80 x 1.20 x 1.00m | AM18: Yes | AN18: 450 | AO18: 425 | AP18: PAP22 | AR18: FSC-C134738 | AS18: RoHS Compliant | AT18: Yes | AV18: 0.85 | AW18: 0.15 | AY18: 0.85 | AZ18: 0 | BA18: 0.15 | BB18: 0 | BC18: 0 | BD18: 0 | BE18: - | BF18: - | BG18: Wrapping is an important element of packaging, it offers surface production and is preventing products from scratching, chipping or denting during shipping | BH18: Made using fresh renewable fibers from sustainably managed forests, Ranpak’s Premium Kraft paper provides superior protective performance. Designed to minimize CO2 emissions while fully curbside recyclable, Premium Kraft protects the planet as well as your goods. | BI18: 08/16/2024 11:04 AM | BJ18: Vu, Pierre | BM18: True | BT18: =AI18 -> 0 | BY18: 1 | CJ18: x
A19: 10000194 | B19: 10000194 | D19: 10000194 | E19: Active | F19: Yes | G19: Wrapping | H19: Geami HV | I19: GE Roll DC 0.51*250m 80gsm PK | J19: Roll with 250m brown Geami paper | K19: Geami HV | L19: Geami HV | M19: Roll | N19: 80gsm | O19: 80,0 g/m2 +/- 3,0 g/m² | P19: 1 | Q19: Premium Kraft | R19: Brown | S19: European Union | T19: 8721284290155 | V19: 0.51 x 250m | W19: 250 | X19: 0.51 | AA19: 10.6 | AB19: 20,7 ± 1 | AD19: 48043158 | AG19: 40 * DC 20" 250m | AH19: 0.8 | AI19: 40 | AJ19: 1.2 | AK19: 1.17 | AL19: 0.80 x 1.20 x 1.17m | AM19: Yes | AN19: 450 | AO19: 425 | AP19: PAP22 | AQ19: FSC Mix Credit | AR19: FSC-C134738 | AS19: RoHS Compliant | AT19: Yes | AV19: 0.85 | AW19: 0.15 | AY19: 0.85 | AZ19: 0 | BA19: 0.15 | BB19: 0 | BC19: 0 | BD19: 0 | BE19: - | BF19: - | BG19: Wrapping is an important element of packaging, it offers surface production and is preventing products from scratching, chipping or denting during shipping | BH19: Made using fresh renewable fibers from sustainably managed forests, Ranpak’s Premium Kraft paper provides superior protective performance. Designed to minimize CO2 emissions while fully curbside recyclable, Premium Kraft protects the planet as well as your goods. | BI19: 08/16/2024 11:04 AM | BJ19: Vu, Pierre | BM19: True | BO19: ='LookUp Roll&Packs'!$W$11 -> 182.41 | BT19: =AI19 -> 40 | BU19: ='LookUp Roll&Packs'!$CJ$11 -> 22.56 | BV19: ='LookUp Roll&Packs'!$CO$11 -> 514.76 | BW19: ='LookUp Roll&Packs'!$CQ$11 -> 156.29 | BY19: 1 | BZ19: =BU19 -> 22.56 | CA19: =((AI19*BO19)+BV19)/1000 -> 7.81116 | CD19: =BW19/1000 -> 0.15629 | CH19: x | CI19: x | CJ19: x
A20: 10000195 | B20: 10000195 | D20: 10000195 | E20: Active | F20: Yes | G20: Wrapping | H20: Geami HV | I20: GE Roll DC 0.51*250m 80gsm PK W. | J20: Roll with 250m white Geami paper | K20: Geami HV | L20: Geami HV | M20: Roll | N20: 80gsm | O20: 80,0 g/m2 +/- 3,0 g/m² | P20: 1 | Q20: Premium Kraft | R20: White | S20: European Union | T20: 8721284290162 | V20: 0.51 x 250m | W20: 250 | X20: 0.51 | Y20: White | AA20: 10.6 | AB20: 20,7 ± 1 | AD20: 48043158 | AG20: 40 * DC 20" 250m white | AH20: 0.8 | AI20: 40 | AJ20: 1.2 | AK20: 1.17 | AL20: 0.80 x 1.20 x 1.17m | AM20: Yes | AN20: 450 | AO20: 425 | AP20: PAP22 | AQ20: FSC Mix Credit | AR20: FSC-C134738 | AS20: RoHS Compliant | AT20: Yes | AV20: 0.85 | AW20: 0.15 | AY20: 0.85 | AZ20: 0 | BA20: 0.15 | BB20: 0 | BC20: 0 | BD20: 0 | BE20: - | BF20: - | BG20: Wrapping is an important element of packaging, it offers surface production and is preventing products from scratching, chipping or denting during shipping | BH20: Made using fresh renewable fibers from sustainably managed forests, Ranpak’s Premium Kraft paper provides superior protective performance. Designed to minimize CO2 emissions while fully curbside recyclable, Premium Kraft protects the planet as well as your goods. | BI20: 08/16/2024 11:04 AM | BJ20: Vu, Pierre | BM20: True | BO20: ='LookUp Roll&Packs'!$W$11 -> 182.41 | BT20: =AI20 -> 40 | BU20: ='LookUp Roll&Packs'!$CJ$11 -> 22.56 | BV20: ='LookUp Roll&Packs'!$CO$11 -> 514.76 | BW20: ='LookUp Roll&Packs'!$CQ$11 -> 156.29 | BY20: 1 | BZ20: =BU20 -> 22.56 | CA20: =((AI20*BO20)+BV20)/1000 -> 7.81116 | CD20: =BW20/1000 -> 0.15629 | CH20: x | CI20: x | CJ20: x
A21: 10000365 | B21: 10000365 | D21: 10000365 | E21: Active | F21: Yes | G21: Wrapping | H21: Geami HV | I21: GE Roll IL 0.3*840m 22gsm PK | J21: Roll with 840m white Interleaf paper | K21: Geami HV | L21: Geami HV | M21: Roll | N21: 22gsm | O21: 22,0 g/m2 +/- 1,0 g/m² | P21: 1 | Q21: Premium Kraft | R21: White | S21: European Union | T21: 8721284290179 | V21: 0.3 x 840m | W21: 840 | X21: 0.3 | AA21: 5.8 | AB21: 19,9 ± 1 | AD21: 48043951 | AG21: 20 * IL 12" 840m white | AH21: 0.8 | AI21: 20 | AJ21: 1.2 | AK21: 0.46 | AL21: 0.80 x 1.20 x 0.46m | AM21: Yes | AN21: 140 | AO21: 115 | AP21: PAP22 | AQ21: FSC Mix Credit | AR21: FSC-C134738 | AS21: RoHS Compliant | AT21: Yes | AV21: 0.85 | AW21: 0.15 | AY21: 0.85 | AZ21: 0 | BA21: 0.15 | BB21: 0 | BC21: 0 | BD21: 0 | BE21: - | BG21: Wrapping is an important element of packaging, it offers surface production and is preventing products from scratching, chipping or denting during shipping | BH21: Made using fresh renewable fibers from sustainably managed forests, Ranpak’s Premium Kraft paper provides superior protective performance. Designed to minimize CO2 emissions while fully curbside recyclable, Premium Kraft protects the planet as well as your goods. | BI21: 08/16/2024 11:04 AM | BJ21: Vu, Pierre | BM21: True | BO21: ='LookUp Roll&Packs'!$E$12 -> 110 | BT21: =AI21 -> 20 | BU21: ='LookUp Roll&Packs'!$CJ$12 -> 22.56 | BV21: ='LookUp Roll&Packs'!$CO$12 -> 514.76 | BW21: ='LookUp Roll&Packs'!$CQ$12 -> 100 | BY21: 1 | BZ21: =BU21 -> 22.56 | CA21: =((AI21*BO21)+BV21)/1000 -> 2.71476 | CD21: =BW21/1000 -> 0.1 | CH21: x | CI21: x | CJ21: x
A22: 10000368 | B22: 10000368 | D22: 10000368 | E22: Active | F22: Yes | G22: Wrapping | H22: Geami HV | I22: GE Roll IL 0.3*840m 22gsm PK B. | J22: Roll with 840m black Interleaf paper | K22: Geami HV | L22: Geami HV | M22: Roll | N22: 22gsm | O22: 22,0 g/m2 +/- 1,0 g/m² | P22: 1 | Q22: Premium Kraft | R22: Black | S22: European Union | V22: 0.3 x 840m | W22: 840 | X22: 0.3 | Y22: Black | AA22: 5.8 | AD22: 48053000 | AG22: 20*IL 12" 840m BLACK | AH22: 0.8 | AI22: 20 | AJ22: 1.2 | AK22: 0.46 | AL22: 0.80 x 1.20 x 0.46m | AM22: Yes | AN22: 140 | AO22: 115 | AP22: PAP22 | AR22: FSC-C134738 | AS22: RoHS Compliant | AT22: Yes | AV22: 0.85 | AW22: 0.15 | AY22: 0.85 | AZ22: 0 | BA22: 0.15 | BB22: 0 | BC22: 0 | BD22: 0 | BE22: - | BF22: - | BG22: Wrapping is an important element of packaging, it offers surface production and is preventing products from scratching, chipping or denting during shipping | BH22: Made using fresh renewable fibers from sustainably managed forests, Ranpak’s Premium Kraft paper provides superior protective performance. Designed to minimize CO2 emissions while fully curbside recyclable, Premium Kraft protects the planet as well as your goods. | BI22: 08/16/2024 11:04 AM | BJ22: Vu, Pierre | BM22: True | BO22: ='LookUp Roll&Packs'!$E$12 -> 110 | BT22: =AI22 -> 20 | BU22: ='LookUp Roll&Packs'!$CJ$12 -> 22.56 | BV22: ='LookUp Roll&Packs'!$CO$12 -> 514.76 | BW22: ='LookUp Roll&Packs'!$CQ$12 -> 100 | BY22: 1 | BZ22: =BU22 -> 22.56 | CA22: =((AI22*BO22)+BV22)/1000 -> 2.71476 | CD22: =BW22/1000 -> 0.1 | CH22: x | CI22: x | CJ22: x
A23: 10000398 | B23: 10000398 | D23: 10000398 | E23: Active | F23: Yes | G23: Cushioning | H23: PadPak Junior | I23: PP Roll 2p 0.69*215m 50/50gsm PK/PK | L23: PadPak Junior ; ; ; ; ; ; ; | M23: Roll | N23: 50/50gsm | O23: 50,0 g/m2 +/- 2,0 g/m²(inner layer) ; 50,0 g/m2 +/- 2,0 g/m²(outer layer) | P23: 2 | Q23: Premium Kraft/Premium Kraft | R23: Brown | S23: European Union | T23: 8721284290193 | V23: 0.69 x 215m | W23: 215 ± 2 | X23: 680 -1 +5 | AA23: 14.5 | AB23: 20,7 ± 1 | AD23: 48043158 | AE23: Euro | AG23: 20*PJS 50/50 215m junior | AH23: 0.8 | AI23: 20 | AJ23: 1.2 | AK23: 0.83 | AL23: 0.80 x 1.20 x 0.83m | AM23: Yes | AN23: 318 ±12 | AO23: 290 | AP23: PAP22 | AQ23: FSC Mix Credit | AR23: FSC-C134738 | AS23: RoHS Compliant | AT23: Yes | AV23: 0.85 | AW23: 0.15 | AY23: 0.85 | AZ23: 0 | BA23: 0.15 | BE23: - | BF23: - | BG23: Cushioning is used to protect fragile items during shipping. Packages are often handled with little or no care during transport, so precautions are needed to prevent damage. Shocks and vibration are controlled by cushioning, significantly reducing broken box contents and subsequent returns | BH23: Made using fresh renewable fibers from sustainably managed forests, Ranpak’s Premium Kraft paper provides superior protective performance. Designed to minimize CO2 emissions while fully curbside recyclable, Premium Kraft protects the planet as well as your goods. | BI23: 08/16/2024 11:04 AM | BJ23: Vu, Pierre | BM23: True | BO23: ='LookUp Roll&Packs'!$W$5 -> 156.92 | BT23: =AI23 -> 20 | BU23: ='LookUp Roll&Packs'!$CJ$5 -> 22.56 | BV23: ='LookUp Roll&Packs'!$CO$5 -> 257.38 | BW23: ='LookUp Roll&Packs'!$CQ$5 -> 135 | BY23: 1 | BZ23: =BU23 -> 22.56 | CA23: =((AI23*BO23)+BV23)/1000 -> 3.39578 | CC23: =(AI23*BR23)/1000 -> 0 | CD23: =BW23/1000 -> 0.135 | CE23: =BX23/1000 -> 0 | CH23: x | CI23: x | CJ23: x
A24: 10000411 | B24: 10000411 | C24: 24*PF 70 360m 30" Ecoline | D24: 10000411 | AG24: 24*PF 70 360m 30" Ecoline | AI24: 24 | BO24: ='LookUp Roll&Packs'!$U$7 -> 80.74 | BR24: ='LookUp Roll&Packs'!$V$7 -> 5.22 | BT24: 24 | BU24: ='LookUp Roll&Packs'!$CJ$7 -> 22.56 | BV24: ='LookUp Roll&Packs'!$CO$7 -> 2796.7 | BW24: ='LookUp Roll&Packs'!$CQ$7 -> 175.14 | BX24: ='LookUp Roll&Packs'!$CP$7 -> 66.8 | BY24: 1 | BZ24: =BU24 -> 22.56 | CA24: =((AI24*BO24)+BV24)/1000 -> 4.73446 | CC24: =(AI24*BR24)/1000 -> 0.12528 | CD24: =BW24/1000 -> 0.17514 | CE24: =BX24/1000 -> 0.0668
A25: 10000416 | B25: 10000416 | C25: 24*PF 90 300m 30" Ecoline | D25: 10000416 | AG25: 24*PF 90 300m 30" Ecoline | AI25: 24 | BO25: ='LookUp Roll&Packs'!$U$7 -> 80.74 | BR25: ='LookUp Roll&Packs'!$V$7 -> 5.22 | BT25: 24 | BU25: ='LookUp Roll&Packs'!$CJ$7 -> 22.56 | BV25: ='LookUp Roll&Packs'!$CO$7 -> 2796.7 | BW25: ='LookUp Roll&Packs'!$CQ$7 -> 175.14 | BX25: ='LookUp Roll&Packs'!$CP$7 -> 66.8 | BY25: 1 | BZ25: =BU25 -> 22.56 | CA25: =((AI25*BO25)+BV25)/1000 -> 4.73446 | CC25: =(AI25*BR25)/1000 -> 0.12528 | CD25: =BW25/1000 -> 0.17514 | CE25: =BX25/1000 -> 0.0668
A26: 10000418 | B26: 10000418 | C26: 24*PF 90 300m 30" R | D26: 10000418 | AG26: 24*PF 90 300m 30" R | AI26: 24 | BO26: ='LookUp Roll&Packs'!$U$7 -> 80.74 | BR26: ='LookUp Roll&Packs'!$V$7 -> 5.22 | BT26: 24 | BU26: ='LookUp Roll&Packs'!$CJ$7 -> 22.56 | BV26: ='LookUp Roll&Packs'!$CO$7 -> 2796.7 | BW26: ='LookUp Roll&Packs'!$CQ$7 -> 175.14 | BX26: ='LookUp Roll&Packs'!$CP$7 -> 66.8 | BY26: 1 | BZ26: =BU26 -> 22.56 | CA26: =((AI26*BO26)+BV26)/1000 -> 4.73446 | CC26: =(AI26*BR26)/1000 -> 0.12528 | CD26: =BW26/1000 -> 0.17514 | CE26: =BX26/1000 -> 0.0668
A27: 10000420 | B27: 10000420 | C27: 24*PF 90 300m | D27: 10000420 | AG27: 24*PF 90 300m | AI27: 24 | BO27: ='LookUp Roll&Packs'!$U$7 -> 80.74 | BR27: ='LookUp Roll&Packs'!$V$7 -> 5.22 | BT27: 24 | BU27: ='LookUp Roll&Packs'!$CJ$7 -> 22.56 | BV27: ='LookUp Roll&Packs'!$CO$7 -> 2796.7 | BW27: ='LookUp Roll&Packs'!$CQ$7 -> 175.14 | BX27: ='LookUp Roll&Packs'!$CP$7 -> 66.8 | BY27: 1 | BZ27: =BU27 -> 22.56 | CA27: =((AI27*BO27)+BV27)/1000 -> 4.73446 | CC27: =(AI27*BR27)/1000 -> 0.12528 | CD27: =BW27/1000 -> 0.17514 | CE27: =BX27/1000 -> 0.0668
A28: 10000426 | B28: 10000426 | D28: 10000426 | E28: Active | F28: Yes | G28: Cushioning | H28: PadPak LC | I28: PP Bulkpack 1p 0.76*8640m 70gsm EL | L28: PadPak Light Cushioning Plus Bulk ; ; ; ; ; ; ; | M28: Bulk | N28: 70gsm | O28: 70,0 g/m2 +/- 2,5 g/m² | P28: 1 | Q28: Ecoline | R28: Brown | S28: European Union | T28: 8721284290209 | V28: 0.76 x 8640m | W28: 8640 ± 86 | X28: 760 -1 +5 | AA28: 472 | AC28: 105 ± 10 | AD28: 48043158 | AE28: Euro | AF28: BULK | AG28: PF 70 8.640m 30" Ecoline BULK | AH28: 0.8 | AI28: 1 | AJ28: 1.2 | AK28: 1.2 | AL28: 0.80 x 1.20 x 1.20m | AM28: Yes | AN28: 486 ±16 | AO28: 472 | AP28: PAP22 | AQ28: FSC Recycled 100% | AR28: FSC-C134738 | AS28: RoHS Compliant | AT28: No | AW28: 1 | AY28: 0 | AZ28: 0 | BA28: 1 | BB28: 4,422 | BC28: 574 | BD28: 384.1 | BE28: - | BF28: - | BG28: Cushioning is used to protect fragile items during shipping. Packages are often handled with little or no care during transport, so precautions are needed to prevent damage. Shocks and vibration are controlled by cushioning, significantly reducing broken box contents and subsequent returns | BH28: Ecoline protects boxed items in the most economical way while using 100% recycled post-consumer waste materials. Consumer waste is the same paper that can be recycled in your curbside recycling bin, making Ecoline an exceptionally eco-friendly solution | BI28: 08/16/2024 11:04 AM | BJ28: Vu, Pierre | BM28: True | BT28: =AI28 -> 1 | BU28: ='LookUp Roll&Packs'!$CJ$7 -> 22.56 | BV28: ='LookUp Roll&Packs'!$CO$7 -> 2796.7 | BW28: ='LookUp Roll&Packs'!$CQ$7 -> 175.14 | BX28: ='LookUp Roll&Packs'!$CP$7 -> 66.8 | BY28: 1 | BZ28: =BU28 -> 22.56 | CA28: =((AI28*BO28)+BV28)/1000 -> 2.7967 | CC28: =(AI28*BR28)/1000 -> 0 | CD28: =BW28/1000 -> 0.17514 | CE28: =BX28/1000 -> 0.0668 | CH28: x | CI28: x | CJ28: x
A29: 10000427 | B29: 10000427 | D29: 10000427 | E29: Active | F29: Yes | G29: Cushioning | H29: PadPak LC | I29: PP Bulkpack 1p 0.76*8640m 70gsm PK | L29: PadPak Light Cushioning Bulk ; PadPak Light Cushioning Plus Bulk ; ; ; ; ; ; | M29: Bulk | N29: 70gsm | O29: 70,0 g/m2 +/- 2,5 g/m² | P29: 1 | Q29: Premium Kraft | R29: Brown | S29: European Union | T29: 8721284290216 | V29: 0.76 x 8640m | W29: 8640 ± 86 | X29: 760 -1 +5 | AA29: 458 | AC29: 105 ± 10 | AD29: 48043158 | AE29: Euro | AF29: BULK | AG29: 24*PF 70 360m LC BULK | AH29: 0.8 | AI29: 1 | AJ29: 1.2 | AK29: 1.2 | AL29: 0.80 x 1.20 x 1.20m | AM29: Yes | AN29: 486 ±16 | AO29: 458 | AP29: PAP22 | AQ29: FSC Mix Credit | AR29: FSC-C134738 | AS29: RoHS Compliant | AT29: Yes | AV29: 0.85 | AW29: 0.15 | AY29: 0.85 | AZ29: 0 | BA29: 0.15 | BB29: 6,097 | BC29: 572 | BD29: 275.2 | BE29: - | BF29: - | BG29: Cushioning is used to protect fragile items during shipping. Packages are often handled with little or no care during transport, so precautions are needed to prevent damage. Shocks and vibration are controlled by cushioning, significantly reducing broken box contents and subsequent returns | BH29: Made using fresh renewable fibers from sustainably managed forests, Ranpak’s Premium Kraft paper provides superior protective performance. Designed to minimize CO2 emissions while fully curbside recyclable, Premium Kraft protects the planet as well as your goods. | BI29: 08/16/2024 11:04 AM | BJ29: Vu, Pierre | BM29: True | BT29: =AI29 -> 1 | BU29: ='LookUp Roll&Packs'!$CJ$7 -> 22.56 | BV29: ='LookUp Roll&Packs'!$CO$7 -> 2796.7 | BW29: ='LookUp Roll&Packs'!$CQ$7 -> 175.14 | BX29: ='LookUp Roll&Packs'!$CP$7 -> 66.8 | BY29: 1 | BZ29: =BU29 -> 22.56 | CA29: =((AI29*BO29)+BV29)/1000 -> 2.7967 | CC29: =(AI29*BR29)/1000 -> 0 | CD29: =BW29/1000 -> 0.17514 | CE29: =BX29/1000 -> 0.0668 | CH29: x | CI29: x | CJ29: x
A30: 10000429 | B30: 10000429 | D30: 10000429 | E30: Active | F30: Yes | G30: Cushioning | H30: PadPak LC | I30: PP Bulk Pack 2p 0.76*4320m 70gsm PK/PK | L30: PadPak Light Cushioning ; PadPak Light Cushioning Bulk ; PadPak Light Cushioning plus ; PadPak Light Cushioning plus Bulk ; PadPak Senior bulk_beneath ; PadPak Senior plus bulk_beneath ; PadPak Senior auto coiler ; PadPak Senior coiler | M30: Bulk | N30: 70gsm | O30: 70,0 g/m2 +/- 2,5 g/m² | P30: 2 | Q30: Premium Kraft/Premium Kraft | R30: Brown | S30: European Union | T30: 8721284290223 | V30: 0.76 x 4320m | W30: 4320 ± 43 | X30: 760 -1 +5 | AA30: 458 | AC30: 105 ± 10 | AD30: 48043158 | AE30: Euro | AG30: 2*12 PF 70 360m double layer | AH30: 0.8 | AI30: 1 | AJ30: 1.2 | AK30: 1.2 | AL30: 0.80 x 1.20 x 1.20m | AM30: Yes | AN30: 486 ±16 | AO30: 458 | AP30: PAP22 | AQ30: FSC Mix Credit | AR30: FSC-C134738 | AS30: RoHS Compliant | AT30: Yes | AV30: 0.85 | AW30: 0.15 | AY30: 0.85 | AZ30: 0 | BA30: 0.15 | BB30: 6,097 | BC30: 572 | BD30: 275.2 | BE30: - | BF30: - | BG30: Cushioning is used to protect fragile items during shipping. Packages are often handled with little or no care during transport, so precautions are needed to prevent damage. Shocks and vibration are controlled by cushioning, significantly reducing broken box contents and subsequent returns | BH30: Made using fresh renewable fibers from sustainably managed forests, Ranpak’s Premium Kraft paper provides superior protective performance. Designed to minimize CO2 emissions while fully curbside recyclable, Premium Kraft protects the planet as well as your goods. | BI30: 08/16/2024 11:04 AM | BJ30: Vu, Pierre | BM30: True | BT30: =AI30 -> 1 | BU30: ='LookUp Roll&Packs'!$CJ$7 -> 22.56 | BV30: ='LookUp Roll&Packs'!$CO$7 -> 2796.7 | BW30: ='LookUp Roll&Packs'!$CQ$7 -> 175.14 | BX30: ='LookUp Roll&Packs'!$CP$7 -> 66.8 | BY30: 1 | BZ30: =BU30 -> 22.56 | CA30: =((AI30*BO30)+BV30)/1000 -> 2.7967 | CC30: =(AI30*BR30)/1000 -> 0 | CD30: =BW30/1000 -> 0.17514 | CE30: =BX30/1000 -> 0.0668 | CH30: x | CI30: x | CJ30: x
A31: 10000430 | B31: 10000430 | D31: 10000430 | E31: Active | F31: Yes | G31: Cushioning | H31: PadPak LC | I31: PP Bulk Pack 2p 0.76*4320m 70gsm RK/PK | L31: PadPak Light Cushioning ; PadPak Light Cushioning Bulk ; PadPak Light Cushioning plus ; PadPak Light Cushioning plus Bulk ; PadPak Senior bulk_beneath ; PadPak Senior plus bulk_beneath ; PadPak Senior auto coiler ; PadPak Senior coiler | M31: Bulk | N31: 70gsm | O31: 70,0 g/m2 +/- 2,5 g/m² | P31: 2 | Q31: Recycled Kraft / Premium | R31: Brown | S31: European Union | T31: 8721284290230 | V31: 0.76 x 4320m | W31: 4320 ± 43 | X31: 760 -1 +5 | AA31: 458 | AC31: 105 ± 10 | AD31: 48043158 | AE31: Euro | AF31: BULK | AG31: 2*4.320m PF 70 30" R/V BULK | AH31: 0.8 | AI31: 1 | AJ31: 1.2 | AK31: 1.2 | AL31: 0.80 x 1.20 x 1.20m | AM31: Yes | AN31: 486 ±16 | AO31: 458 | AP31: PAP22 | AQ31: FSC Mix Credit | AR31: FSC-C134738 | AS31: RoHS Compliant | AT31: No | AV31: 0.5 | AW31: 0.5 | AY31: 0.5 | AZ31: 0.15 | BA31: 0.35 | BB31: 5,725 | BC31: 572 | BD31: 299 | BE31: - | BF31: - | BG31: Cushioning is used to protect fragile items during shipping. Packages are often handled with little or no care during transport, so precautions are needed to prevent damage. Shocks and vibration are controlled by cushioning, significantly reducing broken box contents and subsequent returns | BH31: Recycled Kraft is primarily sourced from the strong fibers of post-industrial recycled paper, which not only ensures high-quality protective performance, but also results in a low carbon footprint along with the curbside recyclability of Ranpak paper. | BI31: 08/16/2024 11:04 AM | BJ31: Vu, Pierre | BM31: True | BT31: =AI31 -> 1 | BU31: ='LookUp Roll&Packs'!$CJ$7 -> 22.56 | BV31: ='LookUp Roll&Packs'!$CO$7 -> 2796.7 | BW31: ='LookUp Roll&Packs'!$CQ$7 -> 175.14 | BX31: ='LookUp Roll&Packs'!$CP$7 -> 66.8 | BY31: 1 | BZ31: =BU31 -> 22.56 | CA31: =((AI31*BO31)+BV31)/1000 -> 2.7967 | CC31: =(AI31*BR31)/1000 -> 0 | CD31: =BW31/1000 -> 0.17514 | CE31: =BX31/1000 -> 0.0668 | CH31: x | CI31: x | CJ31: x
A32: 10000431 | B32: 10000431 | D32: 10000431 | E32: Active | F32: Yes | G32: Cushioning | H32: PadPak LC | I32: PP Bulkpack 1p 0.76*7200m 90gsm EL | L32: PadPak Light Cushioning Plus Bulk ; ; ; ; ; ; ; | M32: Bulk | N32: 90gsm | O32: 90,0 g/m2 +/- 3,0 g/m² | P32: 1 | Q32: Ecoline | R32: Brown | S32: European Union | T32: 8721284290247 | V32: 0.76 x 7200m | W32: 7200 ± 72 | X32: 760 -1 +5 | AA32: 502 | AC32: 105 ± 10 | AD32: 48043158 | AE32: Euro | AF32: BULK | AG32: PF 90 7.200m 30" Ecoline BULK | AH32: 0.8 | AI32: 1 | AJ32: 1.2 | AK32: 1.2 | AL32: 0.80 x 1.20 x 1.20m | AM32: Yes | AN32: 518 ±16 | AO32: 502 | AP32: PAP22 | AQ32: FSC Recycled 100% | AR32: FSC-C134738 | AS32: RoHS Compliant | AT32: No | AW32: 1 | AY32: 0 | AZ32: 0 | BA32: 1 | BB32: 4,732 | BC32: 615 | BD32: 406.1 | BE32: - | BF32: - | BG32: Cushioning is used to protect fragile items during shipping. Packages are often handled with little or no care during transport, so precautions are needed to prevent damage. Shocks and vibration are controlled by cushioning, significantly reducing broken box contents and subsequent returns | BH32: Ecoline protects boxed items in the most economical way while using 100% recycled post-consumer waste materials. Consumer waste is the same paper that can be recycled in your curbside recycling bin, making Ecoline an exceptionally eco-friendly solution | BI32: 08/16/2024 11:04 AM | BJ32: Vu, Pierre | BM32: True | BT32: =AI32 -> 1 | BU32: ='LookUp Roll&Packs'!$CJ$7 -> 22.56 | BV32: ='LookUp Roll&Packs'!$CO$7 -> 2796.7 | BW32: ='LookUp Roll&Packs'!$CQ$7 -> 175.14 | BX32: ='LookUp Roll&Packs'!$CP$7 -> 66.8 | BY32: 1 | BZ32: =BU32 -> 22.56 | CA32: =((AI32*BO32)+BV32)/1000 -> 2.7967 | CC32: =(AI32*BR32)/1000 -> 0 | CD32: =BW32/1000 -> 0.17514 | CE32: =BX32/1000 -> 0.0668 | CH32: x | CI32: x | CJ32: x
A33: 10000432 | B33: 10000432 | C33: 24*PF 90 300m LC BULK | D33: 10000432 | AG33: 24*PF 90 300m LC BULK | AI33: 1 | BT33: =AI33 -> 1 | BU33: ='LookUp Roll&Packs'!$CJ$7 -> 22.56 | BV33: ='LookUp Roll&Packs'!$CO$7 -> 2796.7 | BW33: ='LookUp Roll&Packs'!$CQ$7 -> 175.14 | BX33: ='LookUp Roll&Packs'!$CP$7 -> 66.8 | BY33: 1 | BZ33: =BU33 -> 22.56 | CA33: =((AI33*BO33)+BV33)/1000 -> 2.7967 | CC33: =(AI33*BR33)/1000 -> 0 | CD33: =BW33/1000 -> 0.17514 | CE33: =BX33/1000 -> 0.0668
A34: 10000434 | B34: 10000434 | C34: 32*PF 70 360M 22,5" | D34: 10000434 | AG34: 32*PF 70 360M 22,5" | AI34: 32 | BO34: ='LookUp Roll&Packs'!$U$8 -> 61.97 | BR34: ='LookUp Roll&Packs'!$V$8 -> 5.22 | BT34: 32 | BU34: ='LookUp Roll&Packs'!$CJ$8 -> 22.56 | BV34: ='LookUp Roll&Packs'!$CO$8 -> 2796.7 | BW34: ='LookUp Roll&Packs'!$CQ$8 -> 175.14 | BX34: ='LookUp Roll&Packs'!$CP$8 -> 66.8 | BY34: 1 | BZ34: =BU34 -> 22.56 | CA34: =((AI34*BO34)+BV34)/1000 -> 4.77974 | CC34: =(AI34*BR34)/1000 -> 0.16704 | CD34: =BW34/1000 -> 0.17514 | CE34: =BX34/1000 -> 0.0668
A35: 10000435 | B35: 10000435 | C35: 32*PF 90 300m 22,5" Ecoline | D35: 10000435 | AG35: 32*PF 90 300m 22,5" Ecoline | AI35: 32 | BO35: ='LookUp Roll&Packs'!$U$8 -> 61.97 | BR35: ='LookUp Roll&Packs'!$V$8 -> 5.22 | BT35: 32 | BU35: ='LookUp Roll&Packs'!$CJ$8 -> 22.56 | BV35: ='LookUp Roll&Packs'!$CO$8 -> 2796.7 | BW35: ='LookUp Roll&Packs'!$CQ$8 -> 175.14 | BX35: ='LookUp Roll&Packs'!$CP$8 -> 66.8 | BY35: 1 | BZ35: =BU35 -> 22.56 | CA35: =((AI35*BO35)+BV35)/1000 -> 4.77974 | CC35: =(AI35*BR35)/1000 -> 0.16704 | CD35: =BW35/1000 -> 0.17514 | CE35: =BX35/1000 -> 0.0668
A36: 10000436 | B36: 10000436 | C36: 32*PF 90 300m 22,5" | D36: 10000436 | AG36: 32*PF 90 300m 22,5" | AI36: 32 | BO36: ='LookUp Roll&Packs'!$U$8 -> 61.97 | BR36: ='LookUp Roll&Packs'!$V$8 -> 5.22 | BT36: 32 | BU36: ='LookUp Roll&Packs'!$CJ$8 -> 22.56 | BV36: ='LookUp Roll&Packs'!$CO$8 -> 2796.7 | BW36: ='LookUp Roll&Packs'!$CQ$8 -> 175.14 | BX36: ='LookUp Roll&Packs'!$CP$8 -> 66.8 | BY36: 1 | BZ36: =BU36 -> 22.56 | CA36: =((AI36*BO36)+BV36)/1000 -> 4.77974 | CC36: =(AI36*BR36)/1000 -> 0.16704 | CD36: =BW36/1000 -> 0.17514 | CE36: =BX36/1000 -> 0.0668
A37: 10000458 | B37: 10000458 | D37: 10000458 | E37: Active | F37: Yes | G37: Cushioning | H37: PadPak Guardian | I37: PP Pack 1CF 0.38*300m 90gsm PK | L37: PadPak Guardian ; ; ; ; ; ; ; | M37: Pack | N37: 90gsm | O37: 90,0 g/m2 +/- 3,0 g/m² | P37: 0 | Q37: Premium Kraft | R37: Brown | S37: European Union | T37: 8721284290261 | V37: 0.38 x 300m | W37: 300 ± 3 | X37: 380 -1 +5 | AA37: 20.9 | AC37: 35 ± 5 | AD37: 48042110 | AE37: Euro | AG37: 24*NC 90 300m 15" Vir | AH37: 0.8 | AI37: 24 | AJ37: 1.2 | AK37: 1.2 | AL37: 0.80 x 1.20 x 1.20m | AM37: Yes | AN37: 518 ±17 | AO37: 502 | AP37: PAP22 | AQ37: FSC Mix Credit | AR37: FSC-C134738 | AS37: RoHS Compliant | AT37: Yes | AV37: 0.85 | AW37: 0.15 | AY37: 0.85 | AZ37: 0 | BA37: 0.15 | BB37: 269 | BC37: 25 | BD37: 8.8 | BE37: - | BF37: - | BG37: Cushioning is used to protect fragile items during shipping. Packages are often handled with little or no care during transport, so precautions are needed to prevent damage. Shocks and vibration are controlled by cushioning, significantly reducing broken box contents and subsequent returns | BH37: Made using fresh renewable fibers from sustainably managed forests, Ranpak’s Premium Kraft paper provides superior protective performance. Designed to minimize CO2 emissions while fully curbside recyclable, Premium Kraft protects the planet as well as your goods. | BI37: 08/16/2024 11:04 AM | BJ37: Vu, Pierre | BM37: True | BO37: ='LookUp Roll&Packs'!$U$10 -> 71.26 | BR37: ='LookUp Roll&Packs'!$V$10 -> 7.78 | BT37: =AI37 -> 24 | BU37: ='LookUp Roll&Packs'!$BI$10 -> 22.56 | BV37: ='LookUp Roll&Packs'!$CO$10 -> 2796.7 | BW37: ='LookUp Roll&Packs'!$CQ$10 -> 160.74 | BX37: ='LookUp Roll&Packs'!$CP$10 -> 66.8 | BY37: 1 | BZ37: =BU37 -> 22.56 | CA37: =((AI37*BO37)+BV37)/1000 -> 4.50694 | CC37: =(AI37*BR37)/1000 -> 0.18672 | CD37: =BW37/1000 -> 0.16074 | CE37: =BX37/1000 -> 0.0668 | CH37: x | CI37: x | CJ37: x
A38: 10000459 | B38: 10000459 | D38: 10000459 | E38: Active | F38: Yes | G38: Cushioning | H38: PadPak Guardian | I38: PP Pack 1CF 0.38*300m 90gsm EL | L38: PadPak Guardian ; ; ; ; ; ; ; | M38: Pack | N38: 90gsm | O38: 90,0 g/m2 +/- 3,0 g/m² | P38: 0 | Q38: Ecoline | R38: Brown | S38: European Union | T38: 8721284290278 | V38: 0.38 x 300m | W38: 300 ± 3 | X38: 380 -1 +5 | AA38: 20.9 | AC38: 35 ± 5 | AD38: 48043158 | AE38: Euro | AG38: 24*NC 90 300m 15" Ecoline | AH38: 0.8 | AI38: 24 | AJ38: 1.2 | AK38: 1.2 | AL38: 0.80 x 1.20 x 1.20m | AM38: Yes | AN38: 518 ±17 | AO38: 502 | AP38: PAP22 | AQ38: FSC Recycled 100% | AR38: FSC-C134738 | AS38: RoHS Compliant | AT38: No | AW38: 1 | AY38: 0 | AZ38: 0 | BA38: 1 | BB38: 199 | BC38: 26 | BD38: 17 | BE38: - | BF38: - | BG38: Cushioning is used to protect fragile items during shipping. Packages are often handled with little or no care during transport, so precautions are needed to prevent damage. Shocks and vibration are controlled by cushioning, significantly reducing broken box contents and subsequent returns | BH38: Ecoline protects boxed items in the most economical way while using 100% recycled post-consumer waste materials. Consumer waste is the same paper that can be recycled in your curbside recycling bin, making Ecoline an exceptionally eco-friendly solution | BI38: 08/16/2024 11:04 AM | BJ38: Vu, Pierre | BM38: True | BO38: ='LookUp Roll&Packs'!$U$10 -> 71.26 | BR38: ='LookUp Roll&Packs'!$V$10 -> 7.78 | BT38: =AI38 -> 24 | BU38: ='LookUp Roll&Packs'!$BI$10 -> 22.56 | BV38: ='LookUp Roll&Packs'!$CO$10 -> 2796.7 | BW38: ='LookUp Roll&Packs'!$CQ$10 -> 160.74 | BX38: ='LookUp Roll&Packs'!$CP$10 -> 66.8 | BY38: 1 | BZ38: =BU38 -> 22.56 | CA38: =((AI38*BO38)+BV38)/1000 -> 4.50694 | CC38: =(AI38*BR38)/1000 -> 0.18672 | CD38: =BW38/1000 -> 0.16074 | CE38: =BX38/1000 -> 0.0668 | CH38: x | CI38: x | CJ38: x
A39: 10000460 | B39: 10000460 | D39: 10000460 | E39: Active | F39: Yes | G39: Cushioning | H39: PadPak Guardian | I39: PP Pack 1CF 0.38*360m 70gsm PK | L39: PadPak Guardian | M39: Pack | N39: 70gsm | O39: 70,0 g/m2 +/- 2,5 g/m² | P39: 0 | Q39: Premium Kraft | R39: Brown | S39: European Union | T39: 8721284290285 | V39: 0.38 x 360m | W39: 360 ± 4 | X39: 380 -1 +5 | AA39: 20 | AC39: 35 ± 5 | AD39: 48043158 | AE39: Euro | AG39: 24*NC 70 360m 15" Vir | AH39: 0.8 | AI39: 24 | AJ39: 1.2 | AK39: 1.2 | AL39: 0.80 x 1.20 x 1.20m | AM39: Yes | AN39: 486 ±17 | AO39: 480 | AP39: PAP22 | AQ39: FSC Mix Credit | AR39: FSC-C134738 | AS39: RoHS Compliant | AT39: Yes | AV39: 0.85 | AW39: 0.15 | AY39: 0.85 | AZ39: 0 | BA39: 0.15 | BB39: 251 | BC39: 24 | BD39: 2.1 | BE39: - | BF39: - | BG39: Cushioning is used to protect fragile items during shipping. Packages are often handled with little or no care during transport, so precautions are needed to prevent damage. Shocks and vibration are controlled by cushioning, significantly reducing broken box contents and subsequent returns | BH39: Made using fresh renewable fibers from sustainably managed forests, Ranpak’s Premium Kraft paper provides superior protective performance. Designed to minimize CO2 emissions while fully curbside recyclable, Premium Kraft protects the planet as well as your goods. | BI39: 08/16/2024 11:04 AM | BJ39: Vu, Pierre | BM39: True | BO39: ='LookUp Roll&Packs'!$U$10 -> 71.26 | BR39: ='LookUp Roll&Packs'!$V$10 -> 7.78 | BT39: =AI39 -> 24 | BU39: ='LookUp Roll&Packs'!$BI$10 -> 22.56 | BV39: ='LookUp Roll&Packs'!$CO$10 -> 2796.7 | BW39: ='LookUp Roll&Packs'!$CQ$10 -> 160.74 | BX39: ='LookUp Roll&Packs'!$CP$10 -> 66.8 | BY39: 1 | BZ39: =BU39 -> 22.56 | CA39: =((AI39*BO39)+BV39)/1000 -> 4.50694 | CC39: =(AI39*BR39)/1000 -> 0.18672 | CD39: =BW39/1000 -> 0.16074 | CE39: =BX39/1000 -> 0.0668 | CH39: x | CI39: x | CJ39: x
A40: 10000468 | B40: 10000468 | D40: 10000468 | E40: Active | F40: Yes | G40: Cushioning | H40: PadPak Guardian | I40: PP Pack 2CF 0.38*180m 70/70gsm RK/PK | L40: PadPak Guardian | M40: Pack | N40: 70/70gsm | O40: 70,0 g/m2 +/- 2,5 g/m²(inner layer) ; 70,0 g/m2 +/- 2,5 g/m²(outer layer) | P40: 0 | Q40: Recycled Kraft / Premium | R40: Brown | S40: European Union | T40: 8721284290292 | V40: 0.38 x 180m | W40: 180 ± 2 | X40: 380 -1 +5 | AA40: 19.4 | AC40: 35 ± 5 | AD40: 48059100 | AE40: Euro | AG40: 24*NC 70/70 180m 15" REC/VIR | AH40: 0.8 | AI40: 24 | AJ40: 1.2 | AK40: 1.2 | AL40: 0.80 x 1.20 x 1.20m | AM40: Yes | AN40: 486 ±17 | AO40: 466 | AP40: PAP22 | AQ40: FSC Mix Credit | AR40: FSC-C134738 | AS40: RoHS Compliant | AT40: No | AV40: 0.5 | AW40: 0.5 | AY40: 0.5 | AZ40: 0.15 | BA40: 0.35 | BB40: 233 | BC40: 23 | BD40: 6.4 | BE40: - | BF40: - | BG40: Cushioning is used to protect fragile items during shipping. Packages are often handled with little or no care during transport, so precautions are needed to prevent damage. Shocks and vibration are controlled by cushioning, significantly reducing broken box contents and subsequent returns | BH40: Recycled Kraft is primarily sourced from the strong fibers of post-industrial recycled paper, which not only ensures high-quality protective performance, but also results in a low carbon footprint along with the curbside recyclability of Ranpak paper. | BI40: 08/16/2024 11:04 AM | BJ40: Vu, Pierre | BM40: True | BO40: ='LookUp Roll&Packs'!$U$10 -> 71.26 | BR40: ='LookUp Roll&Packs'!$V$10 -> 7.78 | BT40: =AI40 -> 24 | BU40: ='LookUp Roll&Packs'!$BI$10 -> 22.56 | BV40: ='LookUp Roll&Packs'!$CO$10 -> 2796.7 | BW40: ='LookUp Roll&Packs'!$CQ$10 -> 160.74 | BX40: ='LookUp Roll&Packs'!$CP$10 -> 66.8 | BY40: 1 | BZ40: =BU40 -> 22.56 | CA40: =((AI40*BO40)+BV40)/1000 -> 4.50694 | CC40: =(AI40*BR40)/1000 -> 0.18672 | CD40: =BW40/1000 -> 0.16074 | CE40: =BX40/1000 -> 0.0668 | CH40: x | CI40: x | CJ40: x
A41: 10000469 | B41: 10000469 | D41: 10000469 | E41: Active | F41: Yes | G41: Cushioning | H41: PadPak Guardian | I41: PP Pack 2CF 0.38*180m 70/75gsm RK/EL | L41: PadPak Guardian ; ; ; ; ; ; ; | M41: Pack | N41: 70/75gsm | O41: 70,0 g/m2 +/- 2,5 g/m² (inner layer) 75,0 g/m2 +/- 2,5 g/m²(outer layer) | P41: 0 | Q41: Recycled Kraft / Ecoline | R41: Brown | S41: European Union | T41: 8721284290308 | V41: 0.38 x 180m | W41: 180 ± 2 | X41: 380 -1 +5 | AA41: 20.1 | AC41: 35 ± 5 | AD41: 48043158 | AE41: Euro | AG41: 24*NC 70/75 180m 15" REC/ECO | AH41: 0.8 | AI41: 24 | AJ41: 1.2 | AK41: 1.2 | AL41: 0.80 x 1.20 x 1.20m | AM41: Yes | AN41: 502 ±14 | AO41: 482 | AP41: PAP22 | AQ41: FSC Mix Credit | AR41: FSC-C134738 | AS41: RoHS Compliant | AT41: No | AV41: 0.075 | AW41: 92.5 | AX41: 0.075 | AY41: 0.075 | AZ41: 0.15 | BA41: 0.775 | BB41: 209 | BC41: 33 | BD41: 15.4 | BE41: - | BF41: - | BG41: Cushioning is used to protect fragile items during shipping. Packages are often handled with little or no care during transport, so precautions are needed to prevent damage. Shocks and vibration are controlled by cushioning, significantly reducing broken box contents and subsequent returns | BH41: Recycled Kraft is primarily sourced from the strong fibers of post-industrial recycled paper, which not only ensures high-quality protective performance, but also results in a low carbon footprint along with the curbside recyclability of Ranpak paper. | BI41: 08/16/2024 11:04 AM | BJ41: Vu, Pierre | BM41: True | BO41: ='LookUp Roll&Packs'!$U$10 -> 71.26 | BR41: ='LookUp Roll&Packs'!$V$10 -> 7.78 | BT41: =AI41 -> 24 | BU41: ='LookUp Roll&Packs'!$BI$10 -> 22.56 | BV41: ='LookUp Roll&Packs'!$CO$10 -> 2796.7 | BW41: ='LookUp Roll&Packs'!$CQ$10 -> 160.74 | BX41: ='LookUp Roll&Packs'!$CP$10 -> 66.8 | BY41: 1 | BZ41: =BU41 -> 22.56 | CA41: =((AI41*BO41)+BV41)/1000 -> 4.50694 | CC41: =(AI41*BR41)/1000 -> 0.18672 | CD41: =BW41/1000 -> 0.16074 | CE41: =BX41/1000 -> 0.0668 | CH41: x | CI41: x | CJ41: x
A42: 10000495 | B42: 10000495 | D42: 10000495 | E42: Active | F42: Yes | G42: Cushioning | H42: PadPak Senior | I42: PP Roll 2p 0.76*160m 70/70gsm RK/PK | L42: PadPak Senior ; PadPak Senior Plus ; PadPak Senior under table ; PadPak Senior Plus under table ; PadPak Senior with roll cart ; PadPak Senior Plus with roll cart ; PadPak Senior auto coiler ; PadPak Senior coiler | M42: Roll | N42: 70/70gsm | O42: 70,0 g/m2 +/- 2,5 g/m²(inner layer) ; 70,0 g/m2 +/- 2,5 g/m²(outer layer) | P42: 2 | Q42: Recycled Kraft / Premium | R42: Brown | S42: European Union | T42: 8721284290315 | V42: 0.76 x 160m | W42: 160 ± 2 | X42: 760 -1 +5 | AA42: 16.9 | AB42: 20,9 ± 1 | AD42: 48043158 | AE42: Euro | AG42: 20*PL 70/70 160m | AH42: 0.8 | AI42: 20 | AJ42: 1.2 | AK42: 0.92 | AL42: 0.80 x 1.20 x 0.92m | AM42: Yes | AN42: 367 ±12 | AO42: 339 | AP42: PAP22 | AQ42: FSC Mix Credit | AR42: FSC-C134738 | AS42: RoHS Compliant | AT42: No | AV42: 0.5 | AW42: 0.5 | AY42: 0.5 | AZ42: 0.15 | BA42: 0.35 | BB42: 213 | BC42: 21 | BD42: 12.1 | BE42: - | BF42: - | BG42: Cushioning is used to protect fragile items during shipping. Packages are often handled with little or no care during transport, so precautions are needed to prevent damage. Shocks and vibration are controlled by cushioning, significantly reducing broken box contents and subsequent returns | BH42: Recycled Kraft is primarily sourced from the strong fibers of post-industrial recycled paper, which not only ensures high-quality protective performance, but also results in a low carbon footprint along with the curbside recyclability of Ranpak paper. | BI42: 08/16/2024 11:04 AM | BJ42: Vu, Pierre | BM42: True | BO42: ='LookUp Roll&Packs'!$E$4 -> 185.22 | BQ42: ='LookUp Roll&Packs'!$X$4 -> 18.22 | BT42: =AI42 -> 20 | BU42: ='LookUp Roll&Packs'!$BI$4 -> 22.56 | BV42: ='LookUp Roll&Packs'!$CO$4 -> 257.38 | BW42: ='LookUp Roll&Packs'!$CQ$4 -> 137 | BY42: 1 | BZ42: =BU42 -> 22.56 | CA42: =((AI42*BO42)+BV42)/1000 -> 3.96178 | CC42: =(AI42*BR42)/1000 -> 0 | CD42: =BW42/1000 -> 0.137 | CE42: =BX42/1000 -> 0 | CF42: =(AI42*BQ42)/1000 -> 0.3644 | CG42: =#REF! -> #REF! | CH42: x | CI42: x | CJ42: x
A43: 10000496 | B43: 10000496 | D43: 10000496 | E43: Active | F43: Yes | G43: Cushioning | H43: PadPak Senior | I43: PP Roll 2p 0.76*180m 50/70gsm RK/PK | L43: PadPak Senior ; PadPak Senior Plus ; PadPak Senior under table ; PadPak Senior Plus under table ; PadPak Senior with roll cart ; PadPak Senior Plus with roll cart ; PadPak Senior auto coiler ; PadPak Senior coiler | M43: Roll | N43: 50/70gsm | O43: 50,0 g/m2 +/- 2,0 g/m² (inner layer) ; 70,0 g/m2 +/- 2,5 g/m²(outer layer) | P43: 2 | Q43: Recycled Kraft / Premium | R43: Brown | S43: European Union | T43: 8721284290322 | V43: 0.76 x 180m | W43: 180 ± 2 | X43: 760 -1 +5 | AA43: 16.4 | AB43: 20,6 ± 1 | AD43: 48043158 | AE43: Euro | AG43: 20*PL 50/70 180m | AH43: 0.8 | AI43: 20 | AJ43: 1.2 | AK43: 0.92 | AL43: 0.80 x 1.20 x 0.92m | AM43: Yes | AN43: 355 ±12 | AO43: 327 | AP43: PAP22 | AQ43: FSC Mix Credit | AR43: FSC-C134738 | AS43: RoHS Compliant | AT43: No | AV43: 0.5 | AW43: 0.5 | AY43: 0.5 | AZ43: 0.15 | BA43: 0.35 | BE43: - | BF43: - | BG43: Cushioning is used to protect fragile items during shipping. Packages are often handled with little or no care during transport, so precautions are needed to prevent damage. Shocks and vibration are controlled by cushioning, significantly reducing broken box contents and subsequent returns | BH43: Recycled Kraft is primarily sourced from the strong fibers of post-industrial recycled paper, which not only ensures high-quality protective performance, but also results in a low carbon footprint along with the curbside recyclability of Ranpak paper. | BI43: 08/16/2024 11:05 AM | BJ43: Vu, Pierre | BM43: True | BO43: ='LookUp Roll&Packs'!$E$4 -> 185.22 | BQ43: ='LookUp Roll&Packs'!$X$4 -> 18.22 | BT43: =AI43 -> 20 | BU43: ='LookUp Roll&Packs'!$BI$4 -> 22.56 | BV43: ='LookUp Roll&Packs'!$CO$4 -> 257.38 | BW43: ='LookUp Roll&Packs'!$CQ$4 -> 137 | BY43: 1 | BZ43: =BU43 -> 22.56 | CA43: =((AI43*BO43)+BV43)/1000 -> 3.96178 | CC43: =(AI43*BR43)/1000 -> 0 | CD43: =BW43/1000 -> 0.137 | CE43: =BX43/1000 -> 0 | CF43: =(AI43*BQ43)/1000 -> 0.3644 | CG43: =#REF! -> #REF! | CH43: x | CI43: x | CJ43: x
A44: 10000497 | B44: 10000497 | D44: 10000497 | E44: Active | F44: Yes | G44: Cushioning | H44: PadPak Senior | I44: PP Roll 2p 0.76*215m 50/50gsm PK/PK | L44: PadPak Senior ; PadPak Senior Plus ; PadPak Senior under table ; PadPak Senior Plus under table ; PadPak Senior with roll cart ; PadPak Senior Plus with roll cart ; PadPak Senior auto coiler ; PadPak Senior coiler | M44: Roll | N44: 50/50gsm | O44: 50,0 g/m2 +/- 2,0 g/m²(inner layer) ; 50,0 g/m2 +/- 2,0 g/m²(outer layer) | P44: 2 | Q44: Premium Kraft/Premium Kraft | R44: Brown | S44: European Union | T44: 8721284290339 | V44: 0.76 x 215m | W44: 215 ± 2 | X44: 760 -1 +5 | AA44: 16.2 | AB44: 20,7 ± 1 | AD44: 48043158 | AE44: Euro | AG44: 20*PL 50/50 215m | AH44: 0.8 | AI44: 20 | AJ44: 1.2 | AK44: 0.92 | AL44: 0.80 x 1.20 x 0.92m | AM44: Yes | AN44: 354 ±12 | AO44: 325 | AP44: PAP22 | AQ44: FSC Mix Credit | AR44: FSC-C134738 | AS44: RoHS Compliant | AT44: Yes | AV44: 0.85 | AW44: 0.15 | AY44: 0.85 | AZ44: 0 | BA44: 0.15 | BE44: - | BF44: - | BG44: Cushioning is used to protect fragile items during shipping. Packages are often handled with little or no care during transport, so precautions are needed to prevent damage. Shocks and vibration are controlled by cushioning, significantly reducing broken box contents and subsequent returns | BH44: Made using fresh renewable fibers from sustainably managed forests, Ranpak’s Premium Kraft paper provides superior protective performance. Designed to minimize CO2 emissions while fully curbside recyclable, Premium Kraft protects the planet as well as your goods. | BI44: 08/16/2024 11:05 AM | BJ44: Vu, Pierre | BM44: True | BO44: ='LookUp Roll&Packs'!$E$4 -> 185.22 | BQ44: ='LookUp Roll&Packs'!$X$4 -> 18.22 | BT44: =AI44 -> 20 | BU44: ='LookUp Roll&Packs'!$BI$4 -> 22.56 | BV44: ='LookUp Roll&Packs'!$CO$4 -> 257.38 | BW44: ='LookUp Roll&Packs'!$CQ$4 -> 137 | BY44: 1 | BZ44: =BU44 -> 22.56 | CA44: =((AI44*BO44)+BV44)/1000 -> 3.96178 | CC44: =(AI44*BR44)/1000 -> 0 | CD44: =BW44/1000 -> 0.137 | CE44: =BX44/1000 -> 0 | CF44: =(AI44*BQ44)/1000 -> 0.3644 | CG44: =#REF! -> #REF! | CH44: x | CI44: x | CJ44: x
A45: 10000498 | B45: 10000498 | D45: 10000498 | E45: Active | F45: Yes | G45: Cushioning | H45: PadPak Senior | I45: PP Roll 2p 0.76*290m 70/70gsm RK/PK | L45: PadPak Senior ; PadPak Senior Plus ; PadPak Senior under table ; PadPak Senior Plus under table ; PadPak Senior with roll cart ; PadPak Senior Plus with roll cart ; PadPak Senior auto coiler ; PadPak Senior coiler | M45: Roll | N45: 70/70gsm | O45: 70,0 g/m2 +/- 2,5 g/m²(inner layer) ; 70,0 g/m2 +/- 2,5 g/m²(outer layer) | P45: 2 | Q45: Recycled Kraft / Premium | R45: Brown | S45: European Union | T45: 8721284290346 | V45: 0.76 x 290m | W45: 290 ± 3 | X45: 760 -1 +5 | AA45: 31.6 | AB45: 27,8 ± 1 | AD45: 48059100 | AE45: Euro | AG45: 11*PS 70/70 290m | AH45: 0.8 | AI45: 11 | AJ45: 1.2 | AK45: 0.92 | AL45: 0.80 x 1.20 x 0.92m | AM45: Yes | AN45: 364 ±12 | AO45: 348 | AP45: PAP22 | AQ45: FSC Mix Credit | AR45: FSC-C134738 | AS45: RoHS Compliant | AT45: No | AV45: 0.5 | AW45: 0.5 | AY45: 0.5 | AZ45: 0.15 | BA45: 0.35 | BE45: - | BF45: - | BG45: Cushioning is used to protect fragile items during shipping. Packages are often handled with little or no care during transport, so precautions are needed to prevent damage. Shocks and vibration are controlled by cushioning, significantly reducing broken box contents and subsequent returns | BH45: Recycled Kraft is primarily sourced from the strong fibers of post-industrial recycled paper, which not only ensures high-quality protective performance, but also results in a low carbon footprint along with the curbside recyclability of Ranpak paper. | BI45: 08/16/2024 11:05 AM | BJ45: Vu, Pierre | BM45: True | BO45: ='LookUp Roll&Packs'!$E$4 -> 185.22 | BQ45: ='LookUp Roll&Packs'!$X$4 -> 18.22 | BT45: =AI45 -> 11 | BU45: ='LookUp Roll&Packs'!$BI$4 -> 22.56 | BV45: ='LookUp Roll&Packs'!$CO$4 -> 257.38 | BW45: ='LookUp Roll&Packs'!$CQ$4 -> 137 | BY45: 1 | BZ45: =BU45 -> 22.56 | CA45: =((AI45*BO45)+BV45)/1000 -> 2.2948 | CC45: =(AI45*BR45)/1000 -> 0 | CD45: =BW45/1000 -> 0.137 | CE45: =BX45/1000 -> 0 | CF45: =(AI45*BQ45)/1000 -> 0.20042 | CG45: =#REF! -> #REF! | CH45: x | CI45: x | CJ45: x
A46: 10000501 | B46: 10000501 | D46: 10000501 | E46: Active | F46: Yes | G46: Cushioning | H46: PadPak Senior | I46: PP Roll 2p 0.76*250m 70/75gsm RK/EL | L46: PadPak Senior ; PadPak Senior Plus ; PadPak Senior with roll cart ; PadPak Senior Plus with roll cart ; ; ; ; | M46: Roll | N46: 70/75gsm | O46: 70,0 g/m2 +/- 2,5 g/m² (inner layer) 75,0 g/m2 +/- 2,5 g/m²(outer layer) | P46: 2 | Q46: Recycled Kraft / Ecoline | R46: Brown | S46: European Union | T46: 8721284290353 | V46: 0.76 x 250m | W46: 250 ± 3 | X46: 760 -1 +5 | AA46: 28.1 | AB46: 26,9 ± 1 | AD46: 48059100 | AE46: Euro | AG46: 11*PS 70/75 250m Ecoline | AH46: 0.8 | AI46: 11 | AJ46: 1.2 | AK46: 0.92 | AL46: 0.80 x 1.20 x 0.92m | AM46: Yes | AN46: 328 ±11 | AO46: 309 | AP46: PAP22 | AQ46: FSC Mix Credit | AR46: FSC-C134738 | AS46: RoHS Compliant | AT46: No | AV46: 0.075 | AW46: 92.5 | AX46: 0.075 | AY46: 0.075 | AZ46: 0.15 | BA46: 0.775 | BE46: - | BF46: - | BG46: Cushioning is used to protect fragile items during shipping. Packages are often handled with little or no care during transport, so precautions are needed to prevent damage. Shocks and vibration are controlled by cushioning, significantly reducing broken box contents and subsequent returns | BH46: Recycled Kraft is primarily sourced from the strong fibers of post-industrial recycled paper, which not only ensures high-quality protective performance, but also results in a low carbon footprint along with the curbside recyclability of Ranpak paper. | BI46: 08/16/2024 11:05 AM | BJ46: Vu, Pierre | BM46: True | BO46: ='LookUp Roll&Packs'!$E$4 -> 185.22 | BQ46: ='LookUp Roll&Packs'!$X$4 -> 18.22 | BT46: =AI46 -> 11 | BU46: ='LookUp Roll&Packs'!$BI$4 -> 22.56 | BV46: ='LookUp Roll&Packs'!$CO$4 -> 257.38 | BW46: ='LookUp Roll&Packs'!$CQ$4 -> 137 | BY46: 1 | BZ46: =BU46 -> 22.56 | CA46: =((AI46*BO46)+BV46)/1000 -> 2.2948 | CC46: =(AI46*BR46)/1000 -> 0 | CD46: =BW46/1000 -> 0.137 | CE46: =BX46/1000 -> 0 | CF46: =(AI46*BQ46)/1000 -> 0.20042 | CG46: =#REF! -> #REF! | CH46: x | CI46: x | CJ46: x
A47: 10000502 | B47: 10000502 | D47: 10000502 | E47: Active | F47: Yes | G47: Cushioning | H47: PadPak Senior | I47: PP Roll 2p 0.76*290m 70/70gsm RK/RK | L47: PadPak Senior Plus ; ; ; ; ; ; ; | M47: Roll | N47: 70/70gsm | O47: 70,0 g/m2 +/- 2,5 g/m²(inner layer) ; 70,0 g/m2 +/- 2,5 g/m²(outer layer) | P47: 2 | Q47: Recycled Kraft/Recycled Kraft | R47: Brown | S47: European Union | T47: 8721284290360 | V47: 0.76 x 290m | W47: 290 ± 3 | X47: 760 -1 +5 | AA47: 31.6 | AB47: 28,3 ± 1 | AD47: 48043158 | AE47: Euro | AG47: 11*PS 70/70 290m R/R | AH47: 0.8 | AI47: 11 | AJ47: 1.2 | AK47: 0.92 | AL47: 0.80 x 1.20 x 0.92m | AM47: Yes | AN47: 364 ±12 | AO47: 348 | AP47: PAP22 | AQ47: FSC Mix Credit | AR47: FSC-C134738 | AS47: RoHS Compliant | AT47: No | AV47: 0.15 | AW47: 0.85 | AY47: 0.15 | AZ47: 0.3 | BA47: 0.55 | BE47: - | BF47: - | BG47: Cushioning is used to protect fragile items during shipping. Packages are often handled with little or no care during transport, so precautions are needed to prevent damage. Shocks and vibration are controlled by cushioning, significantly reducing broken box contents and subsequent returns | BH47: Recycled Kraft is primarily sourced from the strong fibers of post-industrial recycled paper, which not only ensures high-quality protective performance, but also results in a low carbon footprint along with the curbside recyclability of Ranpak paper. | BI47: 08/16/2024 11:05 AM | BJ47: Vu, Pierre | BM47: True | BO47: ='LookUp Roll&Packs'!$E$4 -> 185.22 | BQ47: ='LookUp Roll&Packs'!$X$4 -> 18.22 | BT47: =AI47 -> 11 | BU47: ='LookUp Roll&Packs'!$BI$4 -> 22.56 | BV47: ='LookUp Roll&Packs'!$CO$4 -> 257.38 | BW47: ='LookUp Roll&Packs'!$CQ$4 -> 137 | BY47: 1 | BZ47: =BU47 -> 22.56 | CA47: =((AI47*BO47)+BV47)/1000 -> 2.2948 | CC47: =(AI47*BR47)/1000 -> 0 | CD47: =BW47/1000 -> 0.137 | CE47: =BX47/1000 -> 0 | CF47: =(AI47*BQ47)/1000 -> 0.20042 | CG47: =#REF! -> #REF! | CH47: x | CI47: x | CJ47: x
A48: 10000503 | B48: 10000503 | D48: 10000503 | E48: Active | F48: Yes | G48: Cushioning | H48: PadPak Senior | I48: PP Roll 2p 0.76*335m 50/70gsm RK/PK | L48: PadPak Senior ; PadPak Senior Plus ; PadPak Senior under table ; PadPak Senior Plus under table ; PadPak Senior with roll cart ; PadPak Senior Plus with roll cart ; PadPak Senior auto coiler ; PadPak Senior coiler | M48: Roll | N48: 50/70gsm | O48: 50,0 g/m2 +/- 2,0 g/m² (inner layer) ; 70,0 g/m2 +/- 2,5 g/m²(outer layer) | P48: 2 | Q48: Recycled Kraft / Premium | R48: Brown | S48: European Union | T48: 8721284290377 | V48: 0.76 x 335m | W48: 335 ± 3 | X48: 760 -1 +5 | AA48: 30.4 | AB48: 27,7 ± 1 | AD48: 48043158 | AE48: Euro | AG48: 11*PS 50/70 335m | AH48: 0.8 | AI48: 11 | AJ48: 1.2 | AK48: 0.92 | AL48: 0.80 x 1.20 x 0.92m | AM48: Yes | AN48: 361 ±13 | AO48: 334 | AP48: PAP22 | AQ48: FSC Mix Credit | AR48: FSC-C134738 | AS48: RoHS Compliant | AT48: No | AV48: 0.5 | AW48: 0.5 | AY48: 0.5 | AZ48: 0.15 | BA48: 0.35 | BE48: - | BF48: - | BG48: Cushioning is used to protect fragile items during shipping. Packages are often handled with little or no care during transport, so precautions are needed to prevent damage. Shocks and vibration are controlled by cushioning, significantly reducing broken box contents and subsequent returns | BH48: Recycled Kraft is primarily sourced from the strong fibers of post-industrial recycled paper, which not only ensures high-quality protective performance, but also results in a low carbon footprint along with the curbside recyclability of Ranpak paper. | BI48: 08/16/2024 11:05 AM | BJ48: Vu, Pierre | BM48: True | BO48: ='LookUp Roll&Packs'!$E$4 -> 185.22 | BQ48: ='LookUp Roll&Packs'!$X$4 -> 18.22 | BT48: =AI48 -> 11 | BU48: ='LookUp Roll&Packs'!$BI$4 -> 22.56 | BV48: ='LookUp Roll&Packs'!$CO$4 -> 257.38 | BW48: ='LookUp Roll&Packs'!$CQ$4 -> 137 | BY48: 1 | BZ48: =BU48 -> 22.56 | CA48: =((AI48*BO48)+BV48)/1000 -> 2.2948 | CC48: =(AI48*BR48)/1000 -> 0 | CD48: =BW48/1000 -> 0.137 | CE48: =BX48/1000 -> 0 | CF48: =(AI48*BQ48)/1000 -> 0.20042 | CG48: =#REF! -> #REF! | CH48: x | CI48: x | CJ48: x
A49: 10000504 | B49: 10000504 | D49: 10000504 | E49: Active | F49: Yes | G49: Cushioning | H49: PadPak Senior | I49: PP Roll 2p 0.76*335m 50/70gsm RK/PK T. | L49: PadPak Senior ; PadPak Senior Plus ; PadPak Senior under table ; PadPak Senior Plus under table ; PadPak Senior with roll cart ; PadPak Senior Plus with roll cart ; PadPak Senior auto coiler ; PadPak Senior coiler | M49: Roll | N49: 50/70gsm | O49: 50,0 g/m2 +/- 2,0 g/m² (inner layer) ; 70,0 g/m2 +/- 2,5 g/m²(outer layer) | P49: 2 | Q49: Recycled Kraft / Premium | R49: Brown | S49: European Union | T49: 8721284290384 | V49: 0.76 x 335m | W49: 335 ± 3 | X49: 760 -1 +5 | Y49: Tape | AA49: 30.4 | AB49: 27,7 ± 1 | AD49: 48043158 | AE49: Euro | AG49: 11*PS 50/70 335m tape | AH49: 0.8 | AI49: 11 | AJ49: 1.2 | AK49: 0.92 | AL49: 0.80 x 1.20 x 0.92m | AM49: Yes | AN49: 361 ±13 | AO49: 334 | AP49: PAP22 | AQ49: FSC Mix Credit | AR49: FSC-C134738 | AS49: RoHS Compliant | AT49: No | AV49: 0.5 | AW49: 0.5 | AY49: 0.5 | AZ49: 0.15 | BA49: 0.35 | BE49: - | BF49: - | BG49: Cushioning is used to protect fragile items during shipping. Packages are often handled with little or no care during transport, so precautions are needed to prevent damage. Shocks and vibration are controlled by cushioning, significantly reducing broken box contents and subsequent returns | BH49: Recycled Kraft is primarily sourced from the strong fibers of post-industrial recycled paper, which not only ensures high-quality protective performance, but also results in a low carbon footprint along with the curbside recyclability of Ranpak paper. | BI49: 08/16/2024 11:05 AM | BJ49: Vu, Pierre | BM49: True | BO49: ='LookUp Roll&Packs'!$E$4 -> 185.22 | BQ49: ='LookUp Roll&Packs'!$X$4 -> 18.22 | BT49: =AI49 -> 11 | BU49: ='LookUp Roll&Packs'!$BI$4 -> 22.56 | BV49: ='LookUp Roll&Packs'!$CO$4 -> 257.38 | BW49: ='LookUp Roll&Packs'!$CQ$4 -> 137 | BY49: 1 | BZ49: =BU49 -> 22.56 | CA49: =((AI49*BO49)+BV49)/1000 -> 2.2948 | CC49: =(AI49*BR49)/1000 -> 0 | CD49: =BW49/1000 -> 0.137 | CE49: =BX49/1000 -> 0 | CF49: =(AI49*BQ49)/1000 -> 0.20042 | CG49: =#REF! -> #REF! | CH49: x | CI49: x | CJ49: x
A50: 10000507 | B50: 10000507 | D50: 10000507 | E50: Active | F50: Yes | G50: Cushioning | H50: PadPak Senior | I50: PP Roll 2p 0.76*400m 50/50gsm PK/PK | L50: PadPak Senior ; PadPak Senior Plus ; PadPak Senior under table ; PadPak Senior Plus under table ; PadPak Senior with roll cart ; PadPak Senior Plus with roll cart ; PadPak Senior auto coiler ; PadPak Senior coiler | M50: Roll | N50: 50/50gsm | O50: 50,0 g/m2 +/- 2,0 g/m²(inner layer) ; 50,0 g/m2 +/- 2,0 g/m²(outer layer) | P50: 2 | Q50: Premium Kraft/Premium Kraft | R50: Brown | S50: European Union | T50: 8721284290391 | V50: 0.76 x 400m | W50: 400 ± 4 | X50: 760 -1 +5 | AA50: 30.3 | AB50: 28 ± 1 | AD50: 48042110 | AE50: Euro | AG50: 11*PS 50/50 400m | AH50: 0.8 | AI50: 11 | AJ50: 1.2 | AK50: 0.92 | AL50: 0.80 x 1.20 x 0.92m | AM50: Yes | AN50: 359 ±13 | AO50: 333 | AP50: PAP22 | AQ50: FSC Mix Credit | AR50: FSC-C134738 | AS50: RoHS Compliant | AT50: Yes | AV50: 0.85 | AW50: 0.15 | AY50: 0.85 | AZ50: 0 | BA50: 0.15 | BE50: - | BF50: - | BG50: Cushioning is used to protect fragile items during shipping. Packages are often handled with little or no care during transport, so precautions are needed to prevent damage. Shocks and vibration are controlled by cushioning, significantly reducing broken box contents and subsequent returns | BH50: Made using fresh renewable fibers from sustainably managed forests, Ranpak’s Premium Kraft paper provides superior protective performance. Designed to minimize CO2 emissions while fully curbside recyclable, Premium Kraft protects the planet as well as your goods. | BI50: 08/16/2024 11:05 AM | BJ50: Vu, Pierre | BM50: True | BO50: ='LookUp Roll&Packs'!$E$4 -> 185.22 | BQ50: ='LookUp Roll&Packs'!$X$4 -> 18.22 | BT50: =AI50 -> 11 | BU50: ='LookUp Roll&Packs'!$BI$4 -> 22.56 | BV50: ='LookUp Roll&Packs'!$CO$4 -> 257.38 | BW50: ='LookUp Roll&Packs'!$CQ$4 -> 137 | BY50: 1 | BZ50: =BU50 -> 22.56 | CA50: =((AI50*BO50)+BV50)/1000 -> 2.2948 | CC50: =(AI50*BR50)/1000 -> 0 | CD50: =BW50/1000 -> 0.137 | CE50: =BX50/1000 -> 0 | CF50: =(AI50*BQ50)/1000 -> 0.20042 | CG50: =#REF! -> #REF! | CH50: x | CI50: x | CJ50: x
A51: 10000508 | B51: 10000508 | D51: 10000508 | E51: Active | F51: Yes | G51: Cushioning | H51: PadPak Senior | I51: PP Roll 2p 0.76*400m 70/70gsm RK/PK | L51: PadPak Senior ; PadPak Senior Plus ; PadPak Senior under table ; PadPak Senior Plus under table ; PadPak Senior with roll cart ; PadPak Senior Plus with roll cart ; PadPak Senior auto coiler ; PadPak Senior coiler | M51: Roll | N51: 70/70gsm | O51: 70,0 g/m2 +/- 2,5 g/m²(inner layer) ; 70,0 g/m2 +/- 2,5 g/m²(outer layer) | P51: 2 | Q51: Recycled Kraft / Premium | R51: Brown | S51: European Union | T51: 8721284290407 | V51: 0.76 x 400m | W51: 400 ± 4 | X51: 760 -1 +5 | AA51: 43.4 | AB51: 32,5 ± 1 | AD51: 48043158 | AE51: Euro | AG51: 7*PH 70/70 400m | AH51: 0.8 | AI51: 7 | AJ51: 1.2 | AK51: 0.92 | AL51: 0.80 x 1.20 x 0.92m | AM51: Yes | AN51: 322 ±11 | AO51: 304 | AP51: PAP22 | AQ51: FSC Mix Credit | AR51: FSC-C134738 | AS51: RoHS Compliant | AT51: No | AV51: 0.5 | AW51: 0.5 | AY51: 0.5 | AZ51: 0.15 | BA51: 0.35 | BE51: - | BF51: - | BG51: Cushioning is used to protect fragile items during shipping. Packages are often handled with little or no care during transport, so precautions are needed to prevent damage. Shocks and vibration are controlled by cushioning, significantly reducing broken box contents and subsequent returns | BH51: Recycled Kraft is primarily sourced from the strong fibers of post-industrial recycled paper, which not only ensures high-quality protective performance, but also results in a low carbon footprint along with the curbside recyclability of Ranpak paper. | BI51: 08/16/2024 11:05 AM | BJ51: Vu, Pierre | BM51: True | BO51: ='LookUp Roll&Packs'!$E$4 -> 185.22 | BQ51: ='LookUp Roll&Packs'!$X$4 -> 18.22 | BT51: =AI51 -> 7 | BU51: ='LookUp Roll&Packs'!$BI$4 -> 22.56 | BV51: ='LookUp Roll&Packs'!$CO$4 -> 257.38 | BW51: ='LookUp Roll&Packs'!$CQ$4 -> 137 | BY51: 1 | BZ51: =BU51 -> 22.56 | CA51: =((AI51*BO51)+BV51)/1000 -> 1.55392 | CC51: =(AI51*BR51)/1000 -> 0 | CD51: =BW51/1000 -> 0.137 | CE51: =BX51/1000 -> 0 | CF51: =(AI51*BQ51)/1000 -> 0.12754 | CG51: =#REF! -> #REF! | CH51: x | CI51: x | CJ51: x
A52: 10000509 | B52: 10000509 | D52: 10000509 | E52: Active | F52: Yes | G52: Cushioning | H52: PadPak Senior | I52: PP Roll 2p 0.76*400m 70/70gsm RK/PK T. | L52: PadPak Senior ; PadPak Senior Plus ; PadPak Senior under table ; PadPak Senior Plus under table ; PadPak Senior with roll cart ; PadPak Senior Plus with roll cart ; PadPak Senior auto coiler ; PadPak Senior coiler | M52: Roll | N52: 70/70gsm | O52: 70,0 g/m2 +/- 2,5 g/m²(inner layer) ; 70,0 g/m2 +/- 2,5 g/m²(outer layer) | P52: 2 | Q52: Recycled Kraft / Premium | R52: Brown | S52: European Union | T52: 8721284290414 | V52: 0.76 x 400m | W52: 400 ± 4 | X52: 760 -1 +5 | Y52: Tape | AA52: 42.3 | AB52: 32,5 ± 1 | AD52: 48043158 | AE52: Euro | AG52: 7*PH 70/70 400m tape | AH52: 0.8 | AI52: 7 | AJ52: 1.2 | AK52: 0.92 | AL52: 0.80 x 1.20 x 0.92m | AM52: Yes | AN52: 322 ±11 | AO52: 296 | AP52: PAP22 | AQ52: FSC Mix Credit | AR52: FSC-C134738 | AS52: RoHS Compliant | AT52: No | AV52: 0.5 | AW52: 0.5 | AY52: 0.5 | AZ52: 0.15 | BA52: 0.35 | BE52: - | BF52: - | BG52: Cushioning is used to protect fragile items during shipping. Packages are often handled with little or no care during transport, so precautions are needed to prevent damage. Shocks and vibration are controlled by cushioning, significantly reducing broken box contents and subsequent returns | BH52: Recycled Kraft is primarily sourced from the strong fibers of post-industrial recycled paper, which not only ensures high-quality protective performance, but also results in a low carbon footprint along with the curbside recyclability of Ranpak paper. | BI52: 08/16/2024 11:05 AM | BJ52: Vu, Pierre | BM52: True | BO52: ='LookUp Roll&Packs'!$E$4 -> 185.22 | BQ52: ='LookUp Roll&Packs'!$X$4 -> 18.22 | BT52: =AI52 -> 7 | BU52: ='LookUp Roll&Packs'!$BI$4 -> 22.56 | BV52: ='LookUp Roll&Packs'!$CO$4 -> 257.38 | BW52: ='LookUp Roll&Packs'!$CQ$4 -> 137 | BY52: 1 | BZ52: =BU52 -> 22.56 | CA52: =((AI52*BO52)+BV52)/1000 -> 1.55392 | CC52: =(AI52*BR52)/1000 -> 0 | CD52: =BW52/1000 -> 0.137 | CE52: =BX52/1000 -> 0 | CF52: =(AI52*BQ52)/1000 -> 0.12754 | CG52: =#REF! -> #REF! | CH52: x | CI52: x | CJ52: x
A53: 10000510
A54: 10000511 | B54: 10000511 | D54: 10000511 | E54: Active | F54: Yes | G54: Cushioning | H54: PadPak Senior | I54: PP Roll 1p 0.76*325m 90gsm PK | L54: PadPak Senior ; ; ; ; ; ; ; | M54: Roll | N54: 90gsm | O54: 90,0 g/m2 +/- 3,0 g/m² | P54: 1 | Q54: Premium Kraft | R54: Brown | S54: European Union | T54: 8721284290438 | V54: 0.76 x 325m | W54: 325 ± 3 | X54: 760 -1 +5 | AA54: 22.1 | AB54: 23 ± 1 | AD54: 48043158 | AE54: Euro | AG54: 15*PH 90 325m | AH54: 0.8 | AI54: 15 | AJ54: 1.2 | AK54: 0.92 | AL54: 0.80 x 1.20 x 0.92m | AM54: Yes | AN54: 359 ±11 | AO54: 332 | AP54: PAP22 | AQ54: FSC Mix Credit | AR54: FSC-C134738 | AS54: RoHS Compliant | AT54: Yes | AV54: 0.85 | AW54: 0.15 | AY54: 0.85 | AZ54: 0 | BA54: 0.15 | BB54: 299 | BC54: 28 | BD54: 14.8 | BE54: - | BF54: - | BG54: Cushioning is used to protect fragile items during shipping. Packages are often handled with little or no care during transport, so precautions are needed to prevent damage. Shocks and vibration are controlled by cushioning, significantly reducing broken box contents and subsequent returns | BH54: Made using fresh renewable fibers from sustainably managed forests, Ranpak’s Premium Kraft paper provides superior protective performance. Designed to minimize CO2 emissions while fully curbside recyclable, Premium Kraft protects the planet as well as your goods. | BI54: 08/16/2024 11:05 AM | BJ54: Vu, Pierre | BM54: True | BO54: ='LookUp Roll&Packs'!$E$4 -> 185.22 | BQ54: ='LookUp Roll&Packs'!$X$4 -> 18.22 | BT54: =AI54 -> 15 | BU54: ='LookUp Roll&Packs'!$BI$4 -> 22.56 | BV54: ='LookUp Roll&Packs'!$CO$4 -> 257.38 | BW54: ='LookUp Roll&Packs'!$CQ$4 -> 137 | BY54: 1 | BZ54: =BU54 -> 22.56 | CA54: =((AI54*BO54)+BV54)/1000 -> 3.03568 | CC54: =(AI54*BR54)/1000 -> 0 | CD54: =BW54/1000 -> 0.137 | CE54: =BX54/1000 -> 0 | CF54: =(AI54*BQ54)/1000 -> 0.2733 | CG54: =#REF! -> #REF! | CH54: x | CI54: x | CJ54: x
A55: 10000513 | CI55: x | CJ55: x
A56: 10000514 | B56: 10000514 | D56: 10000514 | E56: Active | F56: Yes | G56: Cushioning | H56: PadPak Senior | I56: PP Bulk Pack 2p 0.76*4320m 70gsm EL/EL | L56: PadPak Senior Plus bulk beneath ; ; ; ; ; ; ; | M56: Bulk pack | N56: 70gsm | O56: 70,0 g/m2 +/- 2,5 g/m² | P56: 2 | Q56: Ecoline/Ecoline | R56: Brown | S56: European Union | T56: 8721284290452 | V56: 0.76 x 4320m | W56: 4320 ± 43 | X56: 760 -1 +5 | AA56: 472 | AC56: 105 ± 10 | AD56: 48043158 | AE56: Euro | AF56: BULK | AG56: 2*4.320m PF 70 30" Ecoline BULK | AH56: 0.8 | AI56: 1 | AJ56: 1.2 | AK56: 1.2 | AL56: 0.80 x 1.20 x 1.20m | AM56: Yes | AN56: 486 ±16 | AO56: 472 | AP56: PAP22 | AQ56: FSC Recycled 100% | AR56: FSC-C134738 | AS56: RoHS Compliant | AT56: No | AW56: 100% PCR fibers | AY56: 0 | AZ56: 0 | BA56: 1 | BB56: 4,422 | BC56: 574 | BD56: 384.1 | BE56: - | BF56: - | BG56: Cushioning is used to protect fragile items during shipping. Packages are often handled with little or no care during transport, so precautions are needed to prevent damage. Shocks and vibration are controlled by cushioning, significantly reducing broken box contents and subsequent returns | BH56: Ecoline protects boxed items in the most economical way while using 100% recycled post-consumer waste materials. Consumer waste is the same paper that can be recycled in your curbside recycling bin, making Ecoline an exceptionally eco-friendly solution | BI56: 08/16/2024 11:05 AM | BJ56: Vu, Pierre | BM56: True | BT56: =AI56 -> 1 | BU56: ='LookUp Roll&Packs'!$BI$4 -> 22.56 | BV56: ='LookUp Roll&Packs'!$CO$7 -> 2796.7 | BW56: ='LookUp Roll&Packs'!$CQ$7 -> 175.14 | BX56: ='LookUp Roll&Packs'!$CP$7 -> 66.8 | BY56: 1 | BZ56: =BU56 -> 22.56 | CA56: =((AI56*BO56)+BV56)/1000 -> 2.7967 | CC56: =(AI56*BR56)/1000 -> 0 | CD56: =BW56/1000 -> 0.17514 | CE56: =BX56/1000 -> 0.0668 | CH56: x | CI56: x | CJ56: x
A57: 10000515 | B57: 10000515 | D57: 10000515 | E57: Active | F57: Yes | G57: Cushioning | H57: PadPak Senior | I57: PP Bulk Pack 2p 0.76*4320m 70gsm RK/RK | L57: PadPak Senior Plus bulk beneath ; ; ; ; ; ; ; | M57: Bulk pack | N57: 70gsm | O57: 70,0 g/m2 +/- 2,5 g/m² | P57: 2 | Q57: Recycled Kraft/Recycled Kraft | R57: Brown | S57: European Union | T57: 8721284290469 | V57: 0.76 x 4320m | W57: 4320 ± 43 | X57: 760 -1 +5 | AA57: 472 | AC57: 105 ± 10 | AD57: 48043158 | AE57: Euro | AF57: BULK | AG57: 2*4.320m PF 70 30” R/R BULK | AH57: 0.8 | AI57: 1 | AJ57: 1.2 | AK57: 1.2 | AL57: 0.80 x 1.20 x 1.20m | AM57: Yes | AN57: 486 ±16 | AO57: 472 | AP57: PAP22 | AQ57: FSC Mix Credit | AR57: FSC-C134738 | AS57: RoHS Compliant | AT57: No | AV57: 0.15 | AW57: 0.85 | AY57: 0.15 | AZ57: 0.3 | BA57: 0.55 | BB57: 5,353 | BC57: 573 | BD57: 323.6 | BE57: - | BF57: - | BG57: Cushioning is used to protect fragile items during shipping. Packages are often handled with little or no care during transport, so precautions are needed to prevent damage. Shocks and vibration are controlled by cushioning, significantly reducing broken box contents and subsequent returns | BH57: Recycled Kraft is primarily sourced from the strong fibers of post-industrial recycled paper, which not only ensures high-quality protective performance, but also results in a low carbon footprint along with the curbside recyclability of Ranpak paper. | BI57: 08/16/2024 11:05 AM | BJ57: Vu, Pierre | BM57: True | BT57: =AI57 -> 1 | BU57: ='LookUp Roll&Packs'!$BI$4 -> 22.56 | BV57: ='LookUp Roll&Packs'!$CO$7 -> 2796.7 | BW57: ='LookUp Roll&Packs'!$CQ$7 -> 175.14 | BX57: ='LookUp Roll&Packs'!$CP$7 -> 66.8 | BY57: 1 | BZ57: =BU57 -> 22.56 | CA57: =((AI57*BO57)+BV57)/1000 -> 2.7967 | CC57: =(AI57*BR57)/1000 -> 0 | CD57: =BW57/1000 -> 0.17514 | CE57: =BX57/1000 -> 0.0668 | CH57: x | CI57: x | CJ57: x
A58: 10000517 | B58: 10000517 | D58: 10000517 | E58: Active | F58: Yes | G58: Cushioning | H58: PadPak Senior | I58: PP Roll 2p 0.76*175m 70/70gsm RK/PK | L58: PadPak Senior ; PadPak Senior Plus ; PadPak Senior under table ; PadPak Senior Plus under table ; PadPak Senior with roll cart ; PadPak Senior Plus with roll cart ; PadPak Senior auto coiler ; PadPak Senior coiler | M58: Roll | N58: 70/70gsm | O58: 70,0 g/m2 +/- 2,5 g/m²(inner layer) ; 70,0 g/m2 +/- 2,5 g/m²(outer layer) | P58: 2 | Q58: Recycled Kraft / Premium | R58: Brown | S58: European Union | T58: 8721284290476 | V58: 0.76 x 175m | W58: 175 ± 2 | X58: 760 -1 +5 | AA58: 18.6 | AB58: 21,8 ± 1 | AD58: 48043158 | AE58: Euro | AG58: 25*PL 70/70 175m | AH58: 1 | AI58: 25 | AJ58: 1.2 | AK58: 0.92 | AL58: 1.00 x 1.20 x 0.92m | AM58: Yes | AN58: 499 ±15 | AO58: 464 | AP58: PAP22 | AQ58: FSC Mix Credit | AR58: FSC-C134738 | AS58: RoHS Compliant | AT58: No | AV58: 0.5 | AW58: 0.5 | AY58: 0.5 | AZ58: 0.15 | BA58: 0.35 | BE58: - | BF58: - | BG58: Cushioning is used to protect fragile items during shipping. Packages are often handled with little or no care during transport, so precautions are needed to prevent damage. Shocks and vibration are controlled by cushioning, significantly reducing broken box contents and subsequent returns | BH58: Recycled Kraft is primarily sourced from the strong fibers of post-industrial recycled paper, which not only ensures high-quality protective performance, but also results in a low carbon footprint along with the curbside recyclability of Ranpak paper. | BI58: 08/16/2024 11:05 AM | BJ58: Vu, Pierre | BM58: True | BO58: ='LookUp Roll&Packs'!$E$4 -> 185.22 | BQ58: ='LookUp Roll&Packs'!$X$4 -> 18.22 | BT58: =AI58 -> 25 | BU58: ='LookUp Roll&Packs'!$BI$4 -> 22.56 | BV58: ='LookUp Roll&Packs'!$CO$4 -> 257.38 | BW58: ='LookUp Roll&Packs'!$CQ$4 -> 137 | BY58: 1 | BZ58: =BU58 -> 22.56 | CA58: =((AI58*BO58)+BV58)/1000 -> 4.88788 | CC58: =(AI58*BR58)/1000 -> 0 | CD58: =BW58/1000 -> 0.137 | CE58: =BX58/1000 -> 0 | CF58: =(#REF!*#REF!)/1000 -> #REF! | CG58: HDPE 2 | CH58: x | CI58: x | CJ58: x
A59: 10000518
A60: 10000520 | B60: 10000520 | D60: 10000520 | E60: Active | F60: Yes | G60: Cushioning | H60: PadPak Senior | I60: PP Roll 2p 0.76*200m 50/70gsm RK/PK | L60: PadPak Senior ; PadPak Senior Plus ; PadPak Senior under table ; PadPak Senior Plus under table ; PadPak Senior with roll cart ; PadPak Senior Plus with roll cart ; PadPak Senior auto coiler ; PadPak Senior coiler | M60: Roll | N60: 50/70gsm | O60: 50,0 g/m2 +/- 2,0 g/m² (inner layer) ; 70,0 g/m2 +/- 2,5 g/m²(outer layer) | P60: 2 | Q60: Recycled Kraft / Premium | R60: Brown | S60: European Union | T60: 8721284290490 | V60: 0.76 x 200m | W60: 200 ± 2 | X60: 760 -1 +5 | AA60: 18.3 | AB60: 21,6 ± 1 | AD60: 48043158 | AE60: Euro | AG60: 25*PL 50/70 200m | AH60: 1 | AI60: 25 | AJ60: 1.2 | AK60: 0.92 | AL60: 1.00 x 1.20 x 0.92m | AM60: Yes | AN60: 489 ±15 | AO60: 457 | AP60: PAP22 | AQ60: FSC Mix Credit | AR60: FSC-C134738 | AS60: RoHS Compliant | AT60: No | AV60: 0.5 | AW60: 0.5 | AY60: 0.5 | AZ60: 0.15 | BA60: 0.35 | BE60: - | BF60: - | BG60: Cushioning is used to protect fragile items during shipping. Packages are often handled with little or no care during transport, so precautions are needed to prevent damage. Shocks and vibration are controlled by cushioning, significantly reducing broken box contents and subsequent returns | BH60: Recycled Kraft is primarily sourced from the strong fibers of post-industrial recycled paper, which not only ensures high-quality protective performance, but also results in a low carbon footprint along with the curbside recyclability of Ranpak paper. | BI60: 08/16/2024 11:05 AM | BJ60: Vu, Pierre | BM60: True | BO60: ='LookUp Roll&Packs'!$E$4 -> 185.22 | BQ60: ='LookUp Roll&Packs'!$X$4 -> 18.22 | BT60: =AI60 -> 25 | BU60: ='LookUp Roll&Packs'!$BI$4 -> 22.56 | BV60: ='LookUp Roll&Packs'!$CO$4 -> 257.38 | BW60: ='LookUp Roll&Packs'!$CQ$4 -> 137 | BY60: 1 | BZ60: =BU60 -> 22.56 | CA60: =((AI60*BO60)+BV60)/1000 -> 4.88788 | CC60: =(AI60*BR60)/1000 -> 0 | CD60: =BW60/1000 -> 0.137 | CE60: =BX60/1000 -> 0 | CF60: =(AI57*BQ57)/1000 -> 0 | CG60: HDPE 2 | CH60: x | CI60: x | CJ60: x
A61: 10000523 | B61: 10000523 | D61: 10000523 | E61: Active | F61: Yes | G61: Cushioning | H61: PadPak Senior | I61: PP Roll 2p 0.76*325m 70/70gsm RK/PK | L61: PadPak Senior ; PadPak Senior Plus ; PadPak Senior under table ; PadPak Senior Plus under table ; PadPak Senior with roll cart ; PadPak Senior Plus with roll cart ; PadPak Senior auto coiler ; PadPak Senior coiler | M61: Roll | N61: 70/70gsm | O61: 70,0 g/m2 +/- 2,5 g/m²(inner layer) ; 70,0 g/m2 +/- 2,5 g/m²(outer layer) | P61: 2 | Q61: Recycled Kraft / Premium | R61: Brown | S61: European Union | T61: 8721284290513 | V61: 0.76 x 325m | W61: 325 ± 3 | X61: 760 -1 +5 | AA61: 34.5 | AB61: 29,4 ± 1 | AD61: 48043158 | AE61: Euro | AG61: 12*PS 70/70 325m | AH61: 1 | AI61: 12 | AJ61: 1.2 | AK61: 0.92 | AL61: 1.00 x 1.20 x 0.92m | AM61: Yes | AN61: 445 ±16 | AO61: 414 | AP61: PAP22 | AQ61: FSC Mix Credit | AR61: FSC-C134738 | AS61: RoHS Compliant | AT61: No | AV61: 0.5 | AW61: 0.5 | AY61: 0.5 | AZ61: 0.15 | BA61: 0.35 | BE61: - | BF61: - | BG61: Cushioning is used to protect fragile items during shipping. Packages are often handled with little or no care during transport, so precautions are needed to prevent damage. Shocks and vibration are controlled by cushioning, significantly reducing broken box contents and subsequent returns | BH61: Recycled Kraft is primarily sourced from the strong fibers of post-industrial recycled paper, which not only ensures high-quality protective performance, but also results in a low carbon footprint along with the curbside recyclability of Ranpak paper. | BI61: 08/16/2024 11:05 AM | BJ61: Vu, Pierre | BM61: True | BO61: ='LookUp Roll&Packs'!$E$4 -> 185.22 | BQ61: ='LookUp Roll&Packs'!$X$4 -> 18.22 | BT61: =AI61 -> 12 | BU61: ='LookUp Roll&Packs'!$BI$4 -> 22.56 | BV61: ='LookUp Roll&Packs'!$CO$4 -> 257.38 | BW61: ='LookUp Roll&Packs'!$CQ$4 -> 137 | BY61: 1 | BZ61: =BU61 -> 22.56 | CA61: =((AI61*BO61)+BV61)/1000 -> 2.48002 | CC61: =(AI61*BR61)/1000 -> 0 | CD61: =BW61/1000 -> 0.137 | CE61: =BX61/1000 -> 0 | CF61: =(AI60*BQ60)/1000 -> 0.4555 | CG61: HDPE 2 | CH61: x | CI61: x | CJ61: x
A62: 10000630 | B62: 10000630 | D62: 10000630 | E62: Active | F62: Yes | G62: Void Fill | H62: FillPak TT | I62: FP Pack 1p 0.38*500m 50gsm RK | L62: Fillpak Table Top ; Fillpak Table Top cutter ; Fillpak Manual ; Fillpak Trident ; FillpakTrident bulk ; FillpakTrident mini ; FillpakTrident mini bulk ; | M62: Pack | N62: 50gsm | O62: 50,0 g/m2 +/- 2,0 g/m² | P62: 1 | Q62: Recycled Kraft | R62: Brown | S62: European Union | T62: 8721284290520 | V62: 0.38 x 500m | W62: 500 ± 5 | X62: 380 -1 +5 | AA62: 9.7 | AC62: 23 ± 3 | AD62: 48059100 | AE62: Euro | AG62: 48*FT 50 500m | AH62: 0.8 | AI62: 48 | AJ62: 1.2 | AK62: 1.2 | AL62: 0.80 x 1.20 x 1.20m | AM62: Yes | AN62: 482 ±19 | AO62: 464 | AP62: PAP22 | AQ62: FSC Mix Credit | AR62: FSC-C134738 | AS62: RoHS Compliant | AT62: No | AV62: 0.15 | AW62: 0.85 | AY62: 0.15 | AZ62: 0.3 | BA62: 0.55 | BB62: 109 | BC62: 12 | BD62: 5.1 | BE62: - | BF62: - | BG62: Void Fill is a paper filler material, used to close up the free space in your shipping box and lock products in place. When items are prevented from moving during transit, the chances of breakage go down. A paper-based filler offers excellent physical properties in terms of absorbing shocks and protecting sensitive products, and is also more sustainable than plastic alternatives. | BH62: Recycled Kraft is primarily sourced from the strong fibers of post-industrial recycled paper, which not only ensures high-quality protective performance, but also results in a low carbon footprint along with the curbside recyclability of Ranpak paper. | BI62: 08/16/2024 11:05 AM | BJ62: Vu, Pierre | BM62: True | BO62: ='LookUp Roll&Packs'!$U$9 -> 43.19 | BR62: ='LookUp Roll&Packs'!$V$9 -> 5.22 | BT62: =AI62 -> 48 | BU62: ='LookUp Roll&Packs'!$BI$9 -> 22.56 | BV62: ='LookUp Roll&Packs'!$CO$9 -> 2796.7 | BW62: ='LookUp Roll&Packs'!$CQ$9 -> 175.14 | BX62: ='LookUp Roll&Packs'!$CP$9 -> 66.8 | BY62: 1 | BZ62: =BU62 -> 22.56 | CA62: =((AI62*BO62)+BV62)/1000 -> 4.86982 | CC62: =(AI62*BR62)/1000 -> 0.25056 | CD62: =BW62/1000 -> 0.17514 | CE62: =BX62/1000 -> 0.0668 | CH62: x | CI62: x | CJ62: x
A63: 10000634 | B63: 10000634 | D63: 10000634 | E63: Active | F63: Yes | G63: Void Fill | H63: FillPak TT | I63: FP Pack 1p 0.38*500m 50gsm RK T. | L63: Fillpak Table Top ; Fillpak Table Top cutter ; Fillpak Manual ; Fillpak Trident ; FillpakTrident bulk ; FillpakTrident mini ; FillpakTrident mini bulk ; | M63: Pack | N63: 50gsm | O63: 50,0 g/m2 +/- 2,0 g/m² | P63: 1 | Q63: Recycled Kraft | R63: Brown | S63: European Union | T63: 8721284290537 | V63: 0.38 x 500m | W63: 500 ± 5 | X63: 380 -1 +5 | Y63: Tape | AA63: 9.7 | AC63: 23 ± 3 | AD63: 48043158 | AE63: Euro | AG63: 48*FT 50 500m tape | AH63: 0.8 | AI63: 48 | AJ63: 1.2 | AK63: 1.2 | AL63: 0.80 x 1.20 x 1.20m | AM63: Yes | AN63: 482 ±19 | AO63: 464 | AP63: PAP22 | AQ63: FSC Mix Credit | AR63: FSC-C134738 | AS63: RoHS Compliant | AT63: No | AV63: 0.15 | AW63: 0.85 | AY63: 0.15 | AZ63: 0.3 | BA63: 0.55 | BB63: 109 | BC63: 12 | BD63: 5.1 | BE63: - | BF63: - | BG63: Void Fill is a paper filler material, used to close up the free space in your shipping box and lock products in place. When items are prevented from moving during transit, the chances of breakage go down. A paper-based filler offers excellent physical properties in terms of absorbing shocks and protecting sensitive products, and is also more sustainable than plastic alternatives. | BH63: Recycled Kraft is primarily sourced from the strong fibers of post-industrial recycled paper, which not only ensures high-quality protective performance, but also results in a low carbon footprint along with the curbside recyclability of Ranpak paper. | BI63: 08/16/2024 11:05 AM | BJ63: Vu, Pierre | BM63: True | BO63: ='LookUp Roll&Packs'!$U$9 -> 43.19 | BR63: ='LookUp Roll&Packs'!$V$9 -> 5.22 | BT63: =AI63 -> 48 | BU63: ='LookUp Roll&Packs'!$BI$9 -> 22.56 | BV63: ='LookUp Roll&Packs'!$CO$9 -> 2796.7 | BW63: ='LookUp Roll&Packs'!$CQ$9 -> 175.14 | BX63: ='LookUp Roll&Packs'!$CP$9 -> 66.8 | BY63: 1 | BZ63: =BU63 -> 22.56 | CA63: =((AI63*BO63)+BV63)/1000 -> 4.86982 | CC63: =(AI63*BR63)/1000 -> 0.25056 | CD63: =BW63/1000 -> 0.17514 | CE63: =BX63/1000 -> 0.0668 | CH63: x | CI63: x | CJ63: x
A64: 10000636 | B64: 10000636 | D64: 10000636 | E64: Active | F64: Yes | G64: Void Fill | H64: FillPak TT | I64: FP Pack 1p 0.38*500m 60gsm PK W. | L64: Fillpak Table Top ; Fillpak Table Top cutter ; Fillpak Manual ; Fillpak Trident ; FillpakTrident bulk ; FillpakTrident mini ; FillpakTrident mini bulk ; | M64: Pack | N64: 60gsm | O64: 60,0 g/m2 +/- 2,0 g/m² | P64: 1 | Q64: Premium Kraft | R64: White | S64: European Union | T64: 8721284290544 | V64: 0.38 x 500m | W64: 500 ± 5 | X64: 380 -1 +5 | Y64: White | AA64: 11.4 | AC64: 23 ± 3 | AD64: 48043158 | AE64: Euro | AG64: 48*FT 60 500m white | AH64: 0.8 | AI64: 48 | AJ64: 1.2 | AK64: 1.2 | AL64: 0.80 x 1.20 x 1.20m | AM64: Yes | AN64: 573 ±19 | AO64: 547 | AP64: PAP22 | AQ64: FSC Mix Credit | AR64: FSC-C134738 | AS64: RoHS Compliant | AT64: Yes | AV64: 0.85 | AW64: 0.15 | AY64: 0.85 | AZ64: 0 | BA64: 0.15 | BB64: 149 | BC64: 14 | BD64: 4.9 | BE64: - | BF64: - | BG64: Void Fill is a paper filler material, used to close up the free space in your shipping box and lock products in place. When items are prevented from moving during transit, the chances of breakage go down. A paper-based filler offers excellent physical properties in terms of absorbing shocks and protecting sensitive products, and is also more sustainable than plastic alternatives. | BH64: Made using fresh renewable fibers from sustainably managed forests, Ranpak’s Premium Kraft paper provides superior protective performance. Designed to minimize CO2 emissions while fully curbside recyclable, Premium Kraft protects the planet as well as your goods. | BI64: 08/16/2024 11:06 AM | BJ64: Vu, Pierre | BM64: True | BO64: ='LookUp Roll&Packs'!$U$9 -> 43.19 | BR64: ='LookUp Roll&Packs'!$V$9 -> 5.22 | BT64: =AI64 -> 48 | BU64: ='LookUp Roll&Packs'!$BI$9 -> 22.56 | BV64: ='LookUp Roll&Packs'!$CO$9 -> 2796.7 | BW64: ='LookUp Roll&Packs'!$CQ$9 -> 175.14 | BX64: ='LookUp Roll&Packs'!$CP$9 -> 66.8 | BY64: 1 | BZ64: =BU64 -> 22.56 | CA64: =((AI64*BO64)+BV64)/1000 -> 4.86982 | CC64: =(AI64*BR64)/1000 -> 0.25056 | CD64: =BW64/1000 -> 0.17514 | CE64: =BX64/1000 -> 0.0668 | CH64: x | CI64: x | CJ64: x
A65: 10000638 | B65: 10000638 | D65: 10000638 | E65: Active | F65: Yes | G65: Void Fill | H65: FillPak TT | I65: FP Pack 1p 0.38*360m 70gsm PK | L65: Fillpak Table Top ; Fillpak Table Top cutter ; Fillpak Manual ; Fillpak Trident ; FillpakTrident bulk ; FillpakTrident mini ; FillpakTrident mini bulk ; | M65: Pack | N65: 70gsm | O65: 70,0 g/m2 +/- 2,5 g/m² | P65: 1 | Q65: Premium Kraft | R65: Brown | S65: European Union | T65: 8721284290551 | V65: 0.38 x 360m | W65: 360 ± 4 | X65: 380 -1 +5 | AA65: 10 | AC65: 23 ± 3 | AD65: 48043158 | AE65: Euro | AG65: 48*FT 70 360m | AH65: 0.8 | AI65: 48 | AJ65: 1.2 | AK65: 1.2 | AL65: 0.80 x 1.20 x 1.20m | AM65: Yes | AN65: 486 ±19 | AO65: 480 | AP65: PAP22 | AQ65: FSC Mix Credit | AR65: FSC-C134738 | AS65: RoHS Compliant | AT65: Yes | AV65: 0.85 | AW65: 0.15 | AY65: 0.85 | AZ65: 0 | BA65: 0.15 | BB65: 129 | BC65: 12 | BD65: 5.8 | BE65: - | BF65: - | BG65: Void Fill is a paper filler material, used to close up the free space in your shipping box and lock products in place. When items are prevented from moving during transit, the chances of breakage go down. A paper-based filler offers excellent physical properties in terms of absorbing shocks and protecting sensitive products, and is also more sustainable than plastic alternatives. | BH65: Made using fresh renewable fibers from sustainably managed forests, Ranpak’s Premium Kraft paper provides superior protective performance. Designed to minimize CO2 emissions while fully curbside recyclable, Premium Kraft protects the planet as well as your goods. | BI65: 08/16/2024 11:06 AM | BJ65: Vu, Pierre | BM65: True | BO65: ='LookUp Roll&Packs'!$U$9 -> 43.19 | BR65: ='LookUp Roll&Packs'!$V$9 -> 5.22 | BT65: =AI65 -> 48 | BU65: ='LookUp Roll&Packs'!$BI$9 -> 22.56 | BV65: ='LookUp Roll&Packs'!$CO$9 -> 2796.7 | BW65: ='LookUp Roll&Packs'!$CQ$9 -> 175.14 | BX65: ='LookUp Roll&Packs'!$CP$9 -> 66.8 | BY65: 1 | BZ65: =BU65 -> 22.56 | CA65: =((AI65*BO65)+BV65)/1000 -> 4.86982 | CC65: =(AI65*BR65)/1000 -> 0.25056 | CD65: =BW65/1000 -> 0.17514 | CE65: =BX65/1000 -> 0.0668 | CH65: x | CI65: x | CJ65: x
A66: 10000642 | B66: 10000642 | D66: 10000642 | E66: Active | F66: Yes | G66: Void Fill | H66: FillPak TT | I66: FP Pack 1p 0.38*360m 70gsm PK T. | L66: Fillpak Table Top ; Fillpak Table Top cutter ; Fillpak Manual ; Fillpak Trident ; FillpakTrident bulk ; FillpakTrident mini ; FillpakTrident mini bulk ; | M66: Pack | N66: 70gsm | O66: 70,0 g/m2 +/- 2,5 g/m² | P66: 1 | Q66: Premium Kraft | R66: Brown | S66: European Union | T66: 8721284290568 | V66: 0.38 x 360m | W66: 360 ± 4 | X66: 380 -1 +5 | Y66: Tape | AA66: 10 | AC66: 23 ± 3 | AD66: 48043158 | AE66: Euro | AG66: 48*FT 70 360m tape | AH66: 0.8 | AI66: 48 | AJ66: 1.2 | AK66: 1.2 | AL66: 0.80 x 1.20 x 1.20m | AM66: Yes | AN66: 486 ±19 | AO66: 480 | AP66: PAP22 | AQ66: FSC Mix Credit | AR66: FSC-C134738 | AS66: RoHS Compliant | AT66: Yes | AV66: 0.85 | AW66: 0.15 | AY66: 0.85 | AZ66: 0 | BA66: 0.15 | BB66: 129 | BC66: 12 | BD66: 5.8 | BE66: - | BF66: - | BG66: Void Fill is a paper filler material, used to close up the free space in your shipping box and lock products in place. When items are prevented from moving during transit, the chances of breakage go down. A paper-based filler offers excellent physical properties in terms of absorbing shocks and protecting sensitive products, and is also more sustainable than plastic alternatives. | BH66: Made using fresh renewable fibers from sustainably managed forests, Ranpak’s Premium Kraft paper provides superior protective performance. Designed to minimize CO2 emissions while fully curbside recyclable, Premium Kraft protects the planet as well as your goods. | BI66: 08/16/2024 11:06 AM | BJ66: Vu, Pierre | BM66: True | BO66: ='LookUp Roll&Packs'!$U$9 -> 43.19 | BR66: ='LookUp Roll&Packs'!$V$9 -> 5.22 | BT66: =AI66 -> 48 | BU66: ='LookUp Roll&Packs'!$BI$9 -> 22.56 | BV66: ='LookUp Roll&Packs'!$CO$9 -> 2796.7 | BW66: ='LookUp Roll&Packs'!$CQ$9 -> 175.14 | BX66: ='LookUp Roll&Packs'!$CP$9 -> 66.8 | BY66: 1 | BZ66: =BU66 -> 22.56 | CA66: =((AI66*BO66)+BV66)/1000 -> 4.86982 | CC66: =(AI66*BR66)/1000 -> 0.25056 | CD66: =BW66/1000 -> 0.17514 | CE66: =BX66/1000 -> 0.0668 | CH66: x | CI66: x | CJ66: x
A67: 10000643 | B67: 10000643 | D67: 10000643 | E67: Active | F67: Yes | G67: Void Fill | H67: FillPak TT | I67: FP Pack 1p 0.38*360m 70gsm RK | L67: Fillpak Table Top ; Fillpak Table Top cutter ; Fillpak Manual ; Fillpak Trident ; FillpakTrident bulk ; FillpakTrident mini ; FillpakTrident mini bulk ; | M67: Pack | N67: 70gsm | O67: 70,0 g/m2 +/- 2,5 g/m² | P67: 1 | Q67: Recycled Kraft | R67: Brown | S67: European Union | T67: 8721284290575 | V67: 0.38 x 360m | W67: 360 ± 4 | X67: 380 -1 +5 | AA67: 10 | AC67: 23 ± 3 | AD67: 48043158 | AE67: Euro | AG67: 48*FT 70 360m R | AH67: 0.8 | AI67: 48 | AJ67: 1.2 | AK67: 1.2 | AL67: 0.80 x 1.20 x 1.20m | AM67: Yes | AN67: 486 ±19 | AO67: 480 | AP67: PAP22 | AQ67: FSC Mix Credit | AR67: FSC-C134738 | AS67: RoHS Compliant | AT67: No | AV67: 0.15 | AW67: 0.85 | AY67: 0.15 | AZ67: 0.3 | BA67: 0.55 | BB67: 110 | BC67: 12 | BD67: 5.1 | BE67: - | BF67: - | BG67: Void Fill is a paper filler material, used to close up the free space in your shipping box and lock products in place. When items are prevented from moving during transit, the chances of breakage go down. A paper-based filler offers excellent physical properties in terms of absorbing shocks and protecting sensitive products, and is also more sustainable than plastic alternatives. | BH67: Recycled Kraft is primarily sourced from the strong fibers of post-industrial recycled paper, which not only ensures high-quality protective performance, but also results in a low carbon footprint along with the curbside recyclability of Ranpak paper. | BI67: 08/16/2024 11:06 AM | BJ67: Vu, Pierre | BM67: True | BO67: ='LookUp Roll&Packs'!$U$9 -> 43.19 | BR67: ='LookUp Roll&Packs'!$V$9 -> 5.22 | BT67: =AI67 -> 48 | BU67: ='LookUp Roll&Packs'!$BI$9 -> 22.56 | BV67: ='LookUp Roll&Packs'!$CO$9 -> 2796.7 | BW67: ='LookUp Roll&Packs'!$CQ$9 -> 175.14 | BX67: ='LookUp Roll&Packs'!$CP$9 -> 66.8 | BY67: 1 | BZ67: =BU67 -> 22.56 | CA67: =((AI67*BO67)+BV67)/1000 -> 4.86982 | CC67: =(AI67*BR67)/1000 -> 0.25056 | CD67: =BW67/1000 -> 0.17514 | CE67: =BX67/1000 -> 0.0668 | CH67: x | CI67: x | CJ67: x
A68: 10000644 | B68: 10000644 | D68: 10000644 | E68: Active | F68: Yes | G68: Void Fill | H68: FillPak TT | I68: FP Pack 1p 0.38*360m 70gsm RK T. | L68: Fillpak Table Top ; Fillpak Table Top cutter ; Fillpak Manual ; Fillpak Trident ; FillpakTrident bulk ; FillpakTrident mini ; FillpakTrident mini bulk ; | M68: Pack | N68: 70gsm | O68: 70,0 g/m2 +/- 2,5 g/m² | P68: 1 | Q68: Recycled Kraft | R68: Brown | S68: European Union | T68: 8721284290582 | V68: 0.38 x 360m | W68: 360 ± 4 | X68: 380 -1 +5 | Y68: Tape | AA68: 10 | AC68: 23 ± 3 | AD68: 48043158 | AE68: Euro | AG68: 48*FT 70 360m R tape | AH68: 0.8 | AI68: 48 | AJ68: 1.2 | AK68: 1.2 | AL68: 0.80 x 1.20 x 1.20m | AM68: Yes | AN68: 486 ±19 | AO68: 480 | AP68: PAP22 | AQ68: FSC Mix Credit | AR68: FSC-C134738 | AS68: RoHS Compliant | AT68: No | AV68: 0.15 | AW68: 0.85 | AY68: 0.15 | AZ68: 0.3 | BA68: 0.55 | BB68: 110 | BC68: 12 | BD68: 5.1 | BE68: - | BF68: - | BG68: Void Fill is a paper filler material, used to close up the free space in your shipping box and lock products in place. When items are prevented from moving during transit, the chances of breakage go down. A paper-based filler offers excellent physical properties in terms of absorbing shocks and protecting sensitive products, and is also more sustainable than plastic alternatives. | BH68: Recycled Kraft is primarily sourced from the strong fibers of post-industrial recycled paper, which not only ensures high-quality protective performance, but also results in a low carbon footprint along with the curbside recyclability of Ranpak paper. | BI68: 08/16/2024 11:06 AM | BJ68: Vu, Pierre | BM68: True | BO68: ='LookUp Roll&Packs'!$U$9 -> 43.19 | BR68: ='LookUp Roll&Packs'!$V$9 -> 5.22 | BT68: =AI68 -> 48 | BU68: ='LookUp Roll&Packs'!$BI$9 -> 22.56 | BV68: ='LookUp Roll&Packs'!$CO$9 -> 2796.7 | BW68: ='LookUp Roll&Packs'!$CQ$9 -> 175.14 | BX68: ='LookUp Roll&Packs'!$CP$9 -> 66.8 | BY68: 1 | BZ68: =BU68 -> 22.56 | CA68: =((AI68*BO68)+BV68)/1000 -> 4.86982 | CC68: =(AI68*BR68)/1000 -> 0.25056 | CD68: =BW68/1000 -> 0.17514 | CE68: =BX68/1000 -> 0.0668 | CH68: x | CI68: x | CJ68: x
A69: 10000645 | B69: 10000645 | D69: 10000645 | E69: Active | F69: Yes | G69: Void Fill | H69: FillPak TT | I69: FP Pack 1p 0.38*360m 70gsm EL | L69: Fillpak Table Top ; Fillpak Table Top cutter ; Fillpak Manual ; Fillpak Trident ; FillpakTrident bulk ; FillpakTrident mini ; FillpakTrident mini bulk ; | M69: Pack | N69: 70gsm | O69: 70,0 g/m2 +/- 2,5 g/m² | P69: 1 | Q69: Ecoline | R69: Brown | S69: European Union | T69: 8721284290599 | V69: 0.38 x 360m | W69: 360 ± 4 | X69: 380 -1 +5 | AA69: 9.7 | AC69: 23 ± 3 | AD69: 48059100 | AE69: Euro | AG69: 48*FTG 70 360m Greenline | AH69: 0.8 | AI69: 48 | AJ69: 1.2 | AK69: 1.2 | AL69: 0.80 x 1.20 x 1.20m | AM69: Yes | AN69: 486 ±19 | AO69: 465 | AP69: PAP22 | AQ69: FSC Recycled 100% | AR69: FSC-C134738 | AS69: RoHS Compliant | AT69: No | AW69: 1 | AY69: 0 | AZ69: 0 | BA69: 1 | BB69: 94 | BC69: 12 | BD69: 8.1 | BE69: - | BF69: - | BG69: Void Fill is a paper filler material, used to close up the free space in your shipping box and lock products in place. When items are prevented from moving during transit, the chances of breakage go down. A paper-based filler offers excellent physical properties in terms of absorbing shocks and protecting sensitive products, and is also more sustainable than plastic alternatives. | BH69: Ecoline protects boxed items in the most economical way while using 100% recycled post-consumer waste materials. Consumer waste is the same paper that can be recycled in your curbside recycling bin, making Ecoline an exceptionally eco-friendly solution. | BI69: 08/16/2024 11:06 AM | BJ69: Vu, Pierre | BM69: True | BO69: ='LookUp Roll&Packs'!$U$9 -> 43.19 | BR69: ='LookUp Roll&Packs'!$V$9 -> 5.22 | BT69: =AI69 -> 48 | BU69: ='LookUp Roll&Packs'!$BI$9 -> 22.56 | BV69: ='LookUp Roll&Packs'!$CO$9 -> 2796.7 | BW69: ='LookUp Roll&Packs'!$CQ$9 -> 175.14 | BX69: ='LookUp Roll&Packs'!$CP$9 -> 66.8 | BY69: 1 | BZ69: =BU69 -> 22.56 | CA69: =((AI69*BO69)+BV69)/1000 -> 4.86982 | CC69: =(AI69*BR69)/1000 -> 0.25056 | CD69: =BW69/1000 -> 0.17514 | CE69: =BX69/1000 -> 0.0668 | CH69: x | CI69: x | CJ69: x
A70: 10000647 | B70: 10000647 | D70: 10000647 | E70: Active | F70: Yes | G70: Void Fill | H70: FillPak TT | I70: FP Pack 1p 0.38*360m 70gsm EL T. | L70: Fillpak Table Top ; Fillpak Table Top cutter ; Fillpak Manual ; Fillpak Trident ; FillpakTrident bulk ; FillpakTrident mini ; FillpakTrident mini bulk ; | M70: Pack | N70: 70gsm | O70: 70,0 g/m2 +/- 2,5 g/m² | P70: 1 | Q70: Ecoline | R70: Brown | S70: European Union | T70: 8721284290605 | V70: 0.38 x 360m | W70: 360 ± 4 | X70: 380 -1 +5 | Y70: Tape | AA70: 9.7 | AC70: 23 ± 3 | AD70: 48043158 | AE70: Euro | AG70: 48*FTG 70 360m Greenline tape | AH70: 0.8 | AI70: 48 | AJ70: 1.2 | AK70: 1.2 | AL70: 0.80 x 1.20 x 1.20m | AM70: Yes | AN70: 486 ±19 | AO70: 465 | AP70: PAP22 | AQ70: FSC Recycled 100% | AR70: FSC-C134738 | AS70: RoHS Compliant | AT70: No | AW70: 1 | AY70: 0 | AZ70: 0 | BA70: 1 | BB70: 94 | BC70: 12 | BD70: 8.1 | BE70: - | BF70: - | BG70: Void Fill is a paper filler material, used to close up the free space in your shipping box and lock products in place. When items are prevented from moving during transit, the chances of breakage go down. A paper-based filler offers excellent physical properties in terms of absorbing shocks and protecting sensitive products, and is also more sustainable than plastic alternatives. | BH70: Ecoline protects boxed items in the most economical way while using 100% recycled post-consumer waste materials. Consumer waste is the same paper that can be recycled in your curbside recycling bin, making Ecoline an exceptionally eco-friendly solution. | BI70: 08/16/2024 11:06 AM | BJ70: Vu, Pierre | BM70: True | BO70: ='LookUp Roll&Packs'!$U$9 -> 43.19 | BR70: ='LookUp Roll&Packs'!$V$9 -> 5.22 | BT70: =AI70 -> 48 | BU70: ='LookUp Roll&Packs'!$BI$9 -> 22.56 | BV70: ='LookUp Roll&Packs'!$CO$9 -> 2796.7 | BW70: ='LookUp Roll&Packs'!$CQ$9 -> 175.14 | BX70: ='LookUp Roll&Packs'!$CP$9 -> 66.8 | BY70: 1 | BZ70: =BU70 -> 22.56 | CA70: =((AI70*BO70)+BV70)/1000 -> 4.86982 | CC70: =(AI70*BR70)/1000 -> 0.25056 | CD70: =BW70/1000 -> 0.17514 | CE70: =BX70/1000 -> 0.0668 | CH70: x | CI70: x | CJ70: x
A71: 10000699 | B71: 10000699 | D71: 10000699 | E71: Active | F71: Yes | G71: Box-lining | H71: WrapPak Protector | I71: WP Pack 1p 0.38*360m 70gsm PK T. | J71: Pack with 360m brown 70gsm fanfolded paper | K71: WrapPak Protector | L71: WrapPak Protector; PadPak Compact; Fillpak Trident; Fillpak Trident mini; Fillpak Table Top, FillPak Table Top cutter | M71: Pack | N71: 70gsm | O71: 70,0 g/m2 +/- 2,5 g/m² | P71: 1 | Q71: Premium Kraft | R71: Brown | S71: European Union | T71: 8721284290612 | V71: 0.38 x 360m | W71: 360 | X71: 0.38 | Y71: Tape | AA71: 10 | AC71: 23 ± 3 | AD71: 48043158 | AG71: 48*FWFS 70 360m tape | AH71: 0.8 | AI71: 48 | AJ71: 1.2 | AK71: 1.2 | AL71: 0.80 x 1.20 x 1.20m | AM71: Yes | AN71: 505 | AO71: 480 | AP71: PAP22 | AQ71: FSC Mix Credit | AR71: FSC-C134738 | AS71: RoHS Compliant | AT71: Yes | AV71: 0.85 | AW71: 0.15 | AY71: 0.85 | AZ71: 0 | BA71: 0.15 | BB71: 129 | BC71: 12 | BD71: 5.8 | BE71: - | BF71: - | BG71: The strong waved paper pad has high cushioning performance which is ideal for boxlining solutions covering the full width of a box with only one protective paper pad. It can also be used for blocking&bracing or for wrapping products so they arrive undamaged and scratch-free. | BH71: Made using fresh renewable fibers from sustainably managed forests, Ranpak’s Premium Kraft paper provides superior protective performance. Designed to minimize CO2 emissions while fully curbside recyclable, Premium Kraft protects the planet as well as your goods. | BI71: 08/16/2024 11:06 AM | BJ71: Vu, Pierre | BM71: True | BO71: ='LookUp Roll&Packs'!$U$9 -> 43.19 | BR71: ='LookUp Roll&Packs'!$V$9 -> 5.22 | BT71: =AI71 -> 48 | BU71: ='LookUp Roll&Packs'!$BI$9 -> 22.56 | BV71: ='LookUp Roll&Packs'!$CO$9 -> 2796.7 | BW71: ='LookUp Roll&Packs'!$CQ$9 -> 175.14 | BX71: ='LookUp Roll&Packs'!$CP$9 -> 66.8 | BY71: 1 | BZ71: =BU71 -> 22.56 | CA71: =((AI71*BO71)+BV71)/1000 -> 4.86982 | CC71: =(AI71*BR71)/1000 -> 0.25056 | CH71: x | CI71: x | CJ71: x
A72: 10000700 | B72: 10000700 | D72: 10000700 | E72: Active | F72: Yes | G72: Box-lining | H72: WrapPak Protector | I72: WP Pack 1p 0.38*300m 90gsm PK T. | J72: Pack with 300m brown 90gsm fanfolded paper | K72: WrapPak Protector | L72: WrapPak Protector | M72: Pack | N72: 90gsm | O72: 90,0 g/m2 +/- 3,0 g/m² | P72: 1 | Q72: Premium Kraft | R72: Brown | S72: European Union | T72: 8721284290629 | V72: 0.38 x 300m | W72: 300 | X72: 0.38 | Y72: Tape | AA72: 10.5 | AC72: 23 ± 3 | AD72: 48043158 | AG72: 48*FWFS 90 300m tape | AH72: 0.8 | AI72: 48 | AJ72: 1.2 | AK72: 1.2 | AL72: 0.80 x 1.20 x 1.20m | AM72: Yes | AN72: 527 | AO72: 502 | AP72: PAP22 | AQ72: FSC Mix Credit | AR72: FSC-C134738 | AS72: RoHS Compliant | AT72: Yes | AV72: 0.85 | AW72: 0.15 | AY72: 0.85 | AZ72: 0 | BA72: 0.15 | BB72: 138 | BC72: 13 | BD72: 6.1 | BE72: - | BF72: - | BG72: The strong waved paper pad has high cushioning performance which is ideal for boxlining solutions covering the full width of a box with only one protective paper pad. It can also be used for blocking&bracing or for wrapping products so they arrive undamaged and scratch-free. | BH72: Made using fresh renewable fibers from sustainably managed forests, Ranpak’s Premium Kraft paper provides superior protective performance. Designed to minimize CO2 emissions while fully curbside recyclable, Premium Kraft protects the planet as well as your goods. | BI72: 08/16/2024 11:06 AM | BJ72: Vu, Pierre | BM72: True | BO72: ='LookUp Roll&Packs'!$U$9 -> 43.19 | BR72: ='LookUp Roll&Packs'!$V$9 -> 5.22 | BT72: =AI72 -> 48 | BU72: ='LookUp Roll&Packs'!$BI$9 -> 22.56 | BV72: ='LookUp Roll&Packs'!$CO$9 -> 2796.7 | BW72: ='LookUp Roll&Packs'!$CQ$9 -> 175.14 | BX72: ='LookUp Roll&Packs'!$CP$9 -> 66.8 | BY72: 1 | BZ72: =BU72 -> 22.56 | CA72: =((AI72*BO72)+BV72)/1000 -> 4.86982 | CC72: =(AI72*BR72)/1000 -> 0.25056 | CH72: x | CJ72: x
A73: 10001393 | B73: 10001393 | D73: 10001393 | E73: Active | F73: Yes | G73: Cold Chain | H73: RecyCold climaliner | I73: RC climaliner roll 0.38*622m 70gsm PK | L73: Climaliner | M73: Carton | N73: 70gsm | O73: 70,0 g/m2 +/- 2,5 g/m² | P73: 0 | Q73: Premium Kraft | R73: Brown | S73: European Union | T73: 8721284290636 | V73: 0.38 x 622m | W73: 622 ± 6 | X73: 380 -1 +5 | AA73: 16.8 | AB73: 28,2 ± 1 | AD73: 48043158 | AE73: Euro | AG73: 22*CL 70 622m 15" Vir | AH73: 0.8 | AI73: 22 | AJ73: 1.2 | AK73: 0.92 | AL73: 0.80 x 1.20 x 0.92m | AM73: Yes | AN73: 389 ±11 | AO73: 370 | AP73: PAP22 | AQ73: FSC Mix Credit | AR73: FSC-C134738 | AS73: RoHS Compliant | AT73: Yes | AV73: 0.85 | AW73: 0.15 | AY73: 0.85 | AZ73: 0 | BA73: 0.15 | BG73: Cold chain solutions are used to protect packages from temperature fluctuations and physical damages during shipment. RecyCold cool packs and climaliner use environmentally friendly paper for reliable temperature control when packing groceries, meal kits or specialty food. Alongside cost savings and environmental benefits, the right packaging solution must support global goals of minimizing food waste. | BH73: Made using fresh renewable fibers from sustainably managed forests, Ranpak’s Premium kraft paper provides superior protective performance. Designed to minimize CO2 emissions while fully curbside recyclable, Premium Kraft protects the planet as well as your goods. | BI73: 08/29/2024 05:15 AM | BJ73: Vu, Pierre | BM73: True | BT73: =AI73 -> 22 | BY73: 1 | CI73: x | CJ73: x
A74: 10001397 | B74: 10001397 | D74: 10001397 | E74: Active | F74: Yes | G74: Void Fill | H74: FillPak | I74: FP Pack 1p 0.76*500m 50gsm PK | L74: Fillpak ; FillPak High speed ; Fillpak Accufill ; PadPak Senior ; PadPak Senior Plus ; PadPak Senior coiler ; PadPak Senior Plus coiler ; PadPak Light Cushioning | M74: Pack | N74: 50gsm | O74: 50,0 g/m2 +/- 2,0 g/m² | P74: 1 | Q74: Premium Kraft | R74: Brown | S74: European Union | T74: 8721284290643 | V74: 0.76 x 500m | W74: 500 ± 5 | X74: 760 -1 +5 | AA74: 19 | AC74: 23 ± 3 | AD74: 48043158 | AE74: Euro | AG74: 24*FS 50 500m | AH74: 0.8 | AI74: 24 | AJ74: 1.2 | AK74: 1.2 | AL74: 0.80 x 1.20 x 1.20m | AM74: Yes | AN74: 482 ±19 | AO74: 455 | AP74: PAP22 | AQ74: FSC Mix Credit | AR74: FSC-C134738 | AS74: RoHS Compliant | AT74: Yes | AV74: 0.85 | AW74: 0.15 | AY74: 0.85 | AZ74: 0 | BA74: 0.15 | BB74: 255 | BC74: 24 | BD74: 11.5 | BG74: Void Fill is a paper filler material, used to close up the free space in your shipping box and lock products in place. When items are prevented from moving during transit, the chances of breakage go down. A paper-based filler offers excellent physical properties in terms of absorbing shocks and protecting sensitive products, and is also more sustainable than plastic alternatives. | BH74: Made using fresh renewable fibers from sustainably managed forests, Ranpak’s Premium Kraft paper provides superior protective performance. Designed to minimize CO2 emissions while fully curbside recyclable, Premium Kraft protects the planet as well as your goods. | BI74: 08/29/2024 05:15 AM | BJ74: Vu, Pierre | BM74: True | BO74: ='LookUp Roll&Packs'!$U$7 -> 80.74 | BR74: ='LookUp Roll&Packs'!$V$7 -> 5.22 | BT74: =AI74 -> 24 | BU74: ='LookUp Roll&Packs'!$BI$7 -> 22.56 | BV74: ='LookUp Roll&Packs'!$CO$7 -> 2796.7 | BW74: ='LookUp Roll&Packs'!$CQ$7 -> 175.14 | BX74: ='LookUp Roll&Packs'!$CP$7 -> 66.8 | BY74: 1 | BZ74: =BU74 -> 22.56 | CA74: =((AI74*BO74)+BV74)/1000 -> 4.73446 | CC74: =(AI74*BR74)/1000 -> 0.12528 | CD74: =BW74/1000 -> 0.17514 | CE74: =BX74/1000 -> 0.0668 | CH74: x | CI74: x | CJ74: x
A75: 10001398 | B75: 10001398 | D75: 10001398 | E75: Active | F75: Yes | G75: Void Fill | H75: FillPak | I75: FP Pack 1p 0.76*500m 50gsm RK | L75: Fillpak ; Fillpak Accufill ; ; ; ; ; ; | M75: Pack | N75: 50gsm | O75: 50,0 g/m2 +/- 2,0 g/m² | P75: 1 | Q75: Recycled Kraft | R75: Brown | S75: European Union | T75: 8721284290650 | V75: 0.76 x 500m | W75: 500 ± 5 | X75: 760 -1 +5 | AA75: 19 | AC75: 23 ± 3 | AD75: 48043158 | AE75: Euro | AG75: 24*FS 50 500m R | AH75: 0.8 | AI75: 24 | AJ75: 1.2 | AK75: 1.2 | AL75: 0.80 x 1.20 x 1.20m | AM75: Yes | AN75: 482 ±19 | AO75: 455 | AP75: PAP22 | AQ75: FSC Mix Credit | AR75: FSC-C134738 | AS75: RoHS Compliant | AT75: No | AV75: 0.15 | AW75: 0.85 | AY75: 0.15 | AZ75: 0.3 | BA75: 0.55 | BB75: 224 | BC75: 24 | BD75: 13.5 | BG75: Void Fill is a paper filler material, used to close up the free space in your shipping box and lock products in place. When items are prevented from moving during transit, the chances of breakage go down. A paper-based filler offers excellent physical properties in terms of absorbing shocks and protecting sensitive products, and is also more sustainable than plastic alternatives. | BH75: Made using fresh renewable fibers from sustainably managed forests, Ranpak’s Premium Kraft paper provides superior protective performance. Designed to minimize CO2 emissions while fully curbside recyclable, Premium Kraft protects the planet as well as your goods. | BI75: 08/29/2024 05:15 AM | BJ75: Vu, Pierre | BM75: True | BO75: ='LookUp Roll&Packs'!$U$7 -> 80.74 | BR75: ='LookUp Roll&Packs'!$V$7 -> 5.22 | BT75: =AI75 -> 24 | BU75: ='LookUp Roll&Packs'!$BI$7 -> 22.56 | BV75: ='LookUp Roll&Packs'!$CO$7 -> 2796.7 | BW75: ='LookUp Roll&Packs'!$CQ$7 -> 175.14 | BX75: ='LookUp Roll&Packs'!$CP$7 -> 66.8 | BY75: 1 | BZ75: =BU75 -> 22.56 | CA75: =((AI75*BO75)+BV75)/1000 -> 4.73446 | CC75: =(AI75*BR75)/1000 -> 0.12528 | CD75: =BW75/1000 -> 0.17514 | CE75: =BX75/1000 -> 0.0668 | CH75: x | CI75: x | CJ75: x
A76: 10001399 | B76: 10001399 | D76: 10001399 | E76: Active | F76: Yes | G76: Void Fill | H76: FillPak | I76: FP Pack 1p 0.76*360m 70gsm EL | L76: Fillpak ; Fillpak Accufill ; ; ; ; ; ; | M76: Pack | N76: 70gsm | O76: 70,0 g/m2 +/- 2,5 g/m² | P76: 1 | Q76: Ecoline | R76: Brown | S76: European Union | T76: 8721284290667 | V76: 0.76 x 360m | W76: 360 ± 4 | X76: 760 -1 +5 | AA76: 19.1 | AC76: 23 ± 3 | AD76: 48043158 | AE76: Euro | AG76: 24*FSG 70 360m 30" Greenline | AH76: 0.8 | AI76: 24 | AJ76: 1.2 | AK76: 1.2 | AL76: 0.80 x 1.20 x 1.20m | AM76: Yes | AN76: 486 ±17 | AO76: 458 | AP76: PAP22 | AQ76: FSC Recycled 100% | AR76: FSC-C134738 | AS76: RoHS Compliant | AT76: No | AW76: 1 | AY76: 0 | AZ76: 0 | BA76: 1 | BB76: 187 | BC76: 24 | BD76: 16.1 | BG76: Void Fill is a paper filler material, used to close up the free space in your shipping box and lock products in place. When items are prevented from moving during transit, the chances of breakage go down. A paper-based filler offers excellent physical properties in terms of absorbing shocks and protecting sensitive products, and is also more sustainable than plastic alternatives. | BH76: Ecoline protects boxed items in the most economical way while using 100% recycled post-consumer waste materials. Consumer waste is the same paper that can be recycled in your curbside recycling bin, making Ecoline an exceptionally eco-friendly solution. | BI76: 08/29/2024 05:15 AM | BJ76: Vu, Pierre | BM76: True | BO76: ='LookUp Roll&Packs'!$U$7 -> 80.74 | BR76: ='LookUp Roll&Packs'!$V$7 -> 5.22 | BT76: =AI76 -> 24 | BU76: ='LookUp Roll&Packs'!$BI$7 -> 22.56 | BV76: ='LookUp Roll&Packs'!$CO$7 -> 2796.7 | BW76: ='LookUp Roll&Packs'!$CQ$7 -> 175.14 | BX76: ='LookUp Roll&Packs'!$CP$7 -> 66.8 | BY76: 1 | BZ76: =BU76 -> 22.56 | CA76: =((AI76*BO76)+BV76)/1000 -> 4.73446 | CC76: =(AI76*BR76)/1000 -> 0.12528 | CD76: =BW76/1000 -> 0.17514 | CE76: =BX76/1000 -> 0.0668 | CH76: x | CI76: x | CJ76: x
A77: 10001400 | B77: 10001400 | D77: 10001400 | E77: Not active | F77: Yes | G77: Void Fill | H77: FillPak | I77: FP Bulkpack 1p 0.76*12000m 50gsm RK | L77: Fillpak bulk ; Fillpak Accufill ; PadPak Light Cushioning Plus Bulk | M77: Bulk | N77: 50gsm | O77: 50,0 g/m2 +/- 2,0 g/m² | P77: 1 | Q77: Recycled Kraft | R77: Brown | S77: European Union | V77: 0.76 x 12000m | W77: 12000 ± 120 | X77: 760 -1 +5 | AA77: 455 | AC77: 105 ± 10 | AD77: 48043158 | AE77: Euro | AF77: BULK | AG77: PF 50 12.000m 30" FP R BULK | AH77: 0.8 | AI77: 1 | AJ77: 1.2 | AK77: 1.2 | AL77: 0.80 x 1.20 x 1.20m | AM77: Yes | AN77: 482 ±18 | AO77: 455 | AP77: PAP22 | AQ77: FSC Recycled 100% | AR77: FSC-C134738 | AS77: RoHS Compliant | AT77: No | AV77: 0.15 | AW77: 0.85 | AY77: 0.15 | AZ77: 0.3 | BA77: 0.55 | BB77: 4,307 | BC77: 570 | BD77: 381.7 | BG77: Void Fill is a paper filler material, used to close up the free space in your shipping box and lock products in place. When items are prevented from moving during transit, the chances of breakage go down. A paper-based filler offers excellent physical properties in terms of absorbing shocks and protecting sensitive products, and is also more sustainable than plastic alternatives. | BH77: Ecoline protects boxed items in the most economical way while using 100% recycled post-consumer waste materials. Consumer waste is the same paper that can be recycled in your curbside recycling bin, making Ecoline an exceptionally eco-friendly solution. | BI77: 08/29/2024 05:15 AM | BJ77: Vu, Pierre | BM77: True | BT77: =AI77 -> 1 | BU77: 22.56 | BV77: 2796.7 | BW77: ?? | BX77: ?? | BY77: 1 | CI77: x | CJ77: x
A78: 10001408 | B78: 10001408 | D78: 10001408 | E78: Active | F78: Yes | G78: Cushioning | H78: PadPak Junior | I78: PP Roll 2p 0.69*160m 70/70gsm PK/PK | L78: PadPak Junior ; ; ; ; ; ; ; | M78: Roll | N78: 70/70gsm | O78: 70,0 g/m2 +/- 2,5 g/m²(inner layer) ; 70,0 g/m2 +/- 2,5 g/m²(outer layer) | P78: 2 | Q78: Premium Kraft/Premium Kraft | R78: Brown | S78: European Union | T78: 8721284290674 | V78: 0.69 x 160m | W78: 160 ± 2 | X78: 680 -1 +5 | AA78: 15.1 | AB78: 20,5 ± 1 | AD78: 48043158 | AE78: Euro | AG78: 20*PJS70/70 160mjunior | AH78: 0.8 | AI78: 20 | AJ78: 1.2 | AK78: 0.83 | AL78: 0.80 x 1.20 x 0.83m | AM78: Yes | AN78: 331 ±10 | AO78: 302 | AP78: PAP22 | AQ78: FSC Mix Credit | AR78: FSC-C134738 | AS78: RoHS Compliant | AT78: Yes | AV78: 0.85 | AW78: 0.15 | AY78: 0.85 | AZ78: 0 | BA78: 0.15 | BI78: 08/29/2024 05:15 AM | BJ78: Vu, Pierre | BM78: True | BO78: ='LookUp Roll&Packs'!$W$5 -> 156.92 | BT78: =AI78 -> 20 | BU78: ='LookUp Roll&Packs'!$CJ$5 -> 22.56 | BV78: ='LookUp Roll&Packs'!$CO$5 -> 257.38 | BW78: ='LookUp Roll&Packs'!$CQ$5 -> 135 | BY78: 1 | BZ78: =BU78 -> 22.56 | CA78: =((AI78*BO78)+BV78)/1000 -> 3.39578 | CC78: =(AI78*BR78)/1000 -> 0 | CD78: =BW78/1000 -> 0.135 | CE78: =BX78/1000 -> 0 | CH78: x | CI78: x | CJ78: x
A79: 10001410 | B79: 10001410 | D79: 10001410 | E79: Active | F79: Yes | G79: Cushioning | H79: PadPak LC | I79: PP Pack 1p 0.76*360m 70gsm PK | L79: PadPak Light Cushioning ; PadPak Light Cushioning Plus ; ; ; ; ; ; | M79: Pack | N79: 70gsm | O79: 70,0 g/m2 +/- 2,5 g/m² | P79: 1 | Q79: Premium Kraft | R79: Brown | S79: European Union | T79: 8721284290681 | V79: 0.76 x 360m | W79: 360 ± 4 | X79: 760 -1 +5 | AA79: 20 | AC79: 23 ± 3 | AD79: 48042110 | AE79: Euro | AG79: 24*PF 70 360m | AH79: 0.8 | AI79: 24 | AJ79: 1.2 | AK79: 1.2 | AL79: 0.80 x 1.20 x 1.20m | AM79: Yes | AN79: 486 ±17 | AO79: 480 | AP79: PAP22 | AQ79: FSC Mix Credit | AR79: FSC-C134738 | AS79: RoHS Compliant | AT79: Yes | AV79: 0.85 | AW79: 0.15 | AY79: 0.85 | AZ79: 0 | BA79: 0.15 | BB79: 257 | BC79: 24 | BD79: 11.5 | BI79: 08/29/2024 05:15 AM | BJ79: Vu, Pierre | BM79: True | BO79: ='LookUp Roll&Packs'!$U$7 -> 80.74 | BR79: ='LookUp Roll&Packs'!$V$7 -> 5.22 | BT79: =AI79 -> 24 | BU79: ='LookUp Roll&Packs'!$CJ$7 -> 22.56 | BV79: ='LookUp Roll&Packs'!$CO$7 -> 2796.7 | BW79: ='LookUp Roll&Packs'!$CQ$7 -> 175.14 | BX79: ='LookUp Roll&Packs'!$CP$7 -> 66.8 | BY79: 1 | BZ79: =BU79 -> 22.56 | CA79: =((AI79*BO79)+BV79)/1000 -> 4.73446 | CC79: =(AI79*BR79)/1000 -> 0.12528 | CD79: =BW79/1000 -> 0.17514 | CE79: =BX79/1000 -> 0.0668 | CH79: x
A80: 10001416 | B80: 10001416 | C80: 46*FT 70 360m | D80: 10001416 | AG80: 46*FT 70 360m | CJ80: x
A81: 10001417 | B81: 10001417 | D81: 10001417 | E81: Not active | F81: Yes | G81: Void Fill | H81: FillPak TT | I81: FP Pack 1p 0.38*360m 70gsm PK | L81: - | M81: Pack | N81: 70gsm | O81: 70,0 g/m2 +/- 2,5 g/m² | P81: 1 | Q81: Premium Kraft | R81: Brown | S81: European Union | V81: 0.38 x 360m | W81: 360 ± 4 | X81: 380 -1 +5 | AA81: 10 | AD81: 48043158 | AE81: Euro | AG81: 46*FT 70 360m | AH81: 0.8 | AI81: 46 | AJ81: 1.2 | AK81: 1.2 | AL81: 0.80 x 1.20 x 1.20m | AM81: Yes | AN81: 466 ±18 | AO81: 461 | AP81: PAP22 | AQ81: FSC Mix Credit | AR81: FSC-C134738 | AS81: RoHS Compliant | AT81: Yes | AV81: 0.85 | AW81: 0.15 | AY81: 0.85 | AZ81: 0 | BA81: 0.15 | BB81: 129 | BC81: 12 | BD81: 5.8 | BG81: Void Fill is a paper filler material, used to close up the free space in your shipping box and lock products in place. When items are prevented from moving during transit, the chances of breakage go down. A paper-based filler offers excellent physical properties in terms of absorbing shocks and protecting sensitive products, and is also more sustainable than plastic alternatives. | BH81: Ecoline protects boxed items in the most economical way while using 100% recycled post-consumer waste materials. Consumer waste is the same paper that can be recycled in your curbside recycling bin, making Ecoline an exceptionally eco-friendly solution. | BI81: 08/29/2024 05:15 AM | BJ81: Vu, Pierre | BM81: True | BT81: =AI81 -> 46 | BY81: 1 | CI81: x | CJ81: x
A82: 10001452 | B82: 10001452 | D82: 10001452 | E82: Active | F82: Yes | G82: Wrapping | H82: Geami Wrap'n Go | I82: GE Roll IL 0.3*137m 22gsm PK | J82: Roll with 137m white Interleaf paper | K82: Geami Wrap 'n Go | L82: Geami MV, Geami Wrap 'n Go | M82: Roll | N82: 22gsm | O82: 22,0 g/m2 +/- 1,0 g/m² | P82: 1 | Q82: Premium Kraft | R82: White | S82: European Union | T82: 8721284290698 | V82: 0.3 x 137m | W82: 137 | X82: 0.3 | AA82: 0.9 | AB82: 9,5 ± 1 | AD82: 48043951 | AG82: 60 * IL 12" 137m white | AH82: 0.8 | AI82: 60 | AJ82: 1.2 | AK82: 0.46 | AL82: 0.80 x 1.20 x 0.46m | AM82: Yes | AN82: 80 | AO82: 55 | AP82: PAP22 | AQ82: FSC Mix Credit | AR82: FSC-C134738 | AS82: RoHS Compliant | AT82: Yes | AV82: 0.85 | AW82: 0.15 | AY82: 0.85 | AZ82: 0 | BA82: 0.15 | BB82: 0 | BC82: 0 | BD82: 0 | BG82: Wrapping is an important element of packaging, it offers surface production and is preventing products from scratching, chipping or denting during shipping | BH82: Made using fresh renewable fibers from sustainably managed forests, Ranpak’s Premium Kraft paper provides superior protective performance. Designed to minimize CO2 emissions while fully curbside recyclable, Premium Kraft protects the planet as well as your goods. | BI82: 08/29/2024 05:15 AM | BJ82: Vu, Pierre | BM82: False | BO82: ='LookUp Roll&Packs'!$CO$12 -> 514.76 | BT82: =AI82 -> 60 | BU82: ='LookUp Roll&Packs'!$CJ$12 -> 22.56 | BV82: ='LookUp Roll&Packs'!$CO$12 -> 514.76 | BW82: ='LookUp Roll&Packs'!CQ92 -> 0 | BY82: 1 | CH82: x | CI82: x | CJ82: x
A83: 10001453 | B83: 10001453 | D83: 10001453 | E83: Active | F83: Yes | G83: Wrapping | H83: Geami Wrap'n Go | I83: GE Roll IL 0.3*268m 22gsm PK | J83: Roll with 268m white Interleaf paper | K83: Geami MV, Geami Wrap 'n Go | L83: Geami HV, Geami MV, Geami Wrap 'n Go | M83: Roll | N83: 22gsm | O83: 22,0 g/m2 +/- 1,0 g/m² | P83: 1 | Q83: Premium Kraft | R83: White | S83: European Union | T83: 8721284290704 | V83: 0.3 x 268m | W83: 268 | X83: 0.3 | AA83: 1.8 | AB83: 12,1 ± 1 | AD83: 48043951 | AG83: 30 * IL 12" 268m white | AH83: 0.8 | AI83: 30 | AJ83: 1.2 | AK83: 0.46 | AL83: 0.80 x 1.20 x 0.46m | AM83: Yes | AN83: 78 | AO83: 53 | AP83: PAP22 | AQ83: FSC Mix Credit | AR83: FSC-C134738 | AS83: RoHS Compliant | AT83: Yes | AV83: 0.85 | AW83: 0.15 | AY83: 0.85 | AZ83: 0 | BA83: 0.15 | BB83: 0 | BC83: 0 | BD83: 0 | BG83: Wrapping is an important element of packaging, it offers surface production and is preventing products from scratching, chipping or denting during shipping | BH83: Made using fresh renewable fibers from sustainably managed forests, Ranpak’s Premium Kraft paper provides superior protective performance. Designed to minimize CO2 emissions while fully curbside recyclable, Premium Kraft protects the planet as well as your goods. | BI83: 08/29/2024 05:15 AM | BJ83: Vu, Pierre | BM83: True | BO83: ='LookUp Roll&Packs'!$CO$12 -> 514.76 | BT83: =AI83 -> 30 | BU83: ='LookUp Roll&Packs'!$CJ$12 -> 22.56 | BV83: ='LookUp Roll&Packs'!$CO$12 -> 514.76 | BW83: ='LookUp Roll&Packs'!CQ93 -> 0 | BY83: 1 | CH83: x | CI83: x | CJ83: x
A84: 10001458 | B84: 10001458 | D84: 10001458 | E84: Active | F84: Yes | G84: Wrapping | H84: Geami Wrap'n Go | I84: GE Roll DC 0.51*82m 80gsm PK | J84: Roll with 82m brown Geami paper | K84: Geami Wrap 'n Go | L84: Geami MV, Geami Wrap 'n Go | M84: Roll | N84: 80gsm | O84: 80,0 g/m2 +/- 3,0 g/m² | P84: 1 | Q84: Premium Kraft | R84: Brown | S84: European Union | T84: 8721284290711 | V84: 0.51 x 82m | W84: 82 | X84: 0.51 | AA84: 3.5 | AB84: 12,7 ± 1 | AD84: 48043158 | AG84: 60 * DC 20" 82m | AH84: 0.8 | AI84: 60 | AJ84: 1.2 | AK84: 0.66 | AL84: 0.80 x 1.20 x 0.66m | AM84: Yes | AN84: 233 | AO84: 208 | AP84: PAP22 | AQ84: FSC Mix Credit | AR84: FSC-C134738 | AS84: RoHS Compliant | AT84: Yes | AV84: 0.85 | AW84: 0.15 | AY84: 0.85 | AZ84: 0 | BA84: 0.15 | BB84: 0 | BC84: 0 | BD84: 0 | BG84: Wrapping is an important element of packaging, it offers surface production and is preventing products from scratching, chipping or denting during shipping | BH84: Made using fresh renewable fibers from sustainably managed forests, Ranpak’s Premium Kraft paper provides superior protective performance. Designed to minimize CO2 emissions while fully curbside recyclable, Premium Kraft protects the planet as well as your goods. | BI84: 08/29/2024 05:15 AM | BJ84: Vu, Pierre | BM84: False | BO84: ='LookUp Roll&Packs'!$W$11 -> 182.41 | BT84: =AI84 -> 60 | BU84: ='LookUp Roll&Packs'!$CJ$11 -> 22.56 | BV84: ='LookUp Roll&Packs'!$CO$11 -> 514.76 | BW84: ='LookUp Roll&Packs'!$CQ$11 -> 156.29 | BY84: 1 | CH84: x | CJ84: x
A85: 10001489 | B85: 10001489 | D85: 10001489 | E85: Active | F85: Yes | G85: Mailers | H85: NatureMailer | I85: Nature Mailer 300 pc 0.15*0.22m | L85: - | M85: Carton | P85: 0 | R85: Brown | S85: European Union | V85: 0.15 x 0.22m | W85: 0.22 | X85: 0.15 | AA85: 7.2 | AG85: 8* NatureMailer 150x215mm 300pc/box | AH85: 0.8 | AJ85: 1.2 | AK85: 1.2 | AL85: 0.80 x 1.20 x 1.20m | AM85: Yes | AN85: 83 | AO85: 58 | AP85: PAP22 | AR85: FSC-C134738 | AS85: RoHS Compliant | AT85: No | AY85: 0 | BB85: 0 | BC85: 0 | BD85: 0 | BI85: 08/29/2024 05:15 AM | BJ85: Vu, Pierre | BM85: False | BT85: =AI85 -> 0 | BY85: 1 | CJ85: x
A86: 10001491 | B86: 10001491 | D86: 10001491 | E86: Active | F86: Yes | G86: Mailers | H86: NatureMailer | I86: Nature Mailer 200 pc 0.18*0.26m | L86: - | M86: Carton | P86: 0 | R86: Brown | S86: European Union | V86: 0.18 x 0.26m | W86: 0.26 | X86: 0.18 | AA86: 6.8 | AG86: 12* NatureMailer 180x260mm 200pc/box | AH86: 0.8 | AJ86: 1.2 | AK86: 1.2 | AL86: 0.80 x 1.20 x 1.20m | AM86: Yes | AN86: 107 | AO86: 82 | AP86: PAP22 | AR86: FSC-C134738 | AS86: RoHS Compliant | AT86: No | AY86: 0 | BB86: 0 | BC86: 0 | BD86: 0 | BI86: 08/29/2024 05:15 AM | BJ86: Vu, Pierre | BM86: False | BT86: =AI86 -> 0 | BY86: 1 | CJ86: x
A87: 10001492 | B87: 10001492 | D87: 10001492 | E87: Active | F87: Yes | G87: Mailers | H87: NatureMailer | I87: Nature Mailer 100 pc 0.23*0.34m | L87: - | M87: Carton | P87: 0 | R87: Brown | S87: European Union | V87: 0.23 x 0.34m | W87: 0.34 | X87: 0.23 | AA87: 5.7 | AG87: 12* NatureMailer 230x340mm 100pc/box | AH87: 0.8 | AJ87: 1.2 | AK87: 1.2 | AL87: 0.80 x 1.20 x 1.20m | AM87: Yes | AN87: 93 | AO87: 68 | AP87: PAP22 | AR87: FSC-C134738 | AS87: RoHS Compliant | AT87: No | AY87: 0 | BB87: 0 | BC87: 0 | BD87: 0 | BI87: 08/29/2024 05:15 AM | BJ87: Vu, Pierre | BM87: False | BT87: =AI87 -> 0 | BY87: 1 | CJ87: x
A88: 10001493 | B88: 10001493 | D88: 10001493 | E88: Active | F88: Yes | G88: Mailers | H88: NatureMailer | I88: Nature Mailer 50 pc 0.28*0.33m | L88: - | M88: Carton | P88: 0 | R88: Brown | S88: European Union | V88: 0.28 x 0.33m | W88: 0.33 | X88: 0.28 | AA88: 3.8 | AG88: 18* NatureMailer 280x330mm 50pc/box | AH88: 0.8 | AJ88: 1.2 | AK88: 1.2 | AL88: 0.80 x 1.20 x 1.20m | AM88: Yes | AN88: 93 | AO88: 68 | AP88: PAP22 | AR88: FSC-C134738 | AS88: RoHS Compliant | AT88: No | AY88: 0 | BB88: 0 | BC88: 0 | BD88: 0 | BI88: 08/29/2024 05:15 AM | BJ88: Vu, Pierre | BM88: False | BT88: =AI88 -> 0 | BY88: 1 | CJ88: x
A89: 10001494 | B89: 10001494 | D89: 10001494 | E89: Active | F89: Yes | G89: Mailers | H89: NatureMailer | I89: Nature Mailer 50 pc 0.48*0.32m | L89: - | M89: Carton | P89: 0 | R89: Brown | S89: European Union | V89: 0.48 x 0.32m | W89: 0.32 | X89: 0.48 | AA89: 5.5 | AG89: 12* NatureMailer 480x320mm 50pc/box | AH89: 0.8 | AJ89: 1.2 | AK89: 1.2 | AL89: 0.80 x 1.20 x 1.20m | AM89: Yes | AN89: 91 | AO89: 66 | AP89: PAP22 | AR89: FSC-C134738 | AS89: RoHS Compliant | AT89: No | AY89: 0 | BB89: 0 | BC89: 0 | BD89: 0 | BI89: 08/29/2024 05:15 AM | BJ89: Vu, Pierre | BM89: False | BT89: =AI89 -> 0 | BY89: 1
A90: 10001501 | B90: 10001501 | C90: 6 * TCL 15" Sheets 150*0.800M | D90: 10001501 | AG90: 6 * TCL 15" Sheets 150*0.800M | AI90: 6 | BS90: ='LookUp Gelpacks'!S32 -> 1.258 | BU90: ='LookUp Gelpacks'!AW38 -> 22.56 | BW90: ='LookUp Gelpacks'!CE32 -> 201.9 | BY90: ='LookUp Gelpacks'!V32 -> 6 | BZ90: =BU90 -> 22.56 | CA90: =BY90*BS90 -> 7.548 | CC90: =(AI90*BR90)/1000 -> 0 | CD90: =BW90/1000 -> 0.2019 | CE90: =BX90/1000 -> 0
A91: 10001502 | B91: 10001502 | C91: 5 * TCL 15" Sheets 150*1.000M | D91: 10001502 | AG91: 5 * TCL 15" Sheets 150*1.000M | AI91: 5 | BS91: ='LookUp Gelpacks'!S33 -> 1.489 | BU91: ='LookUp Gelpacks'!AW39 -> 22.56 | BW91: ='LookUp Gelpacks'!CE33 -> 199.4 | BY91: ='LookUp Gelpacks'!V33 -> 5 | BZ91: =BU91 -> 22.56 | CA91: =BY91*BS91 -> 7.445 | CC91: =(AI91*BR91)/1000 -> 0 | CD91: =BW91/1000 -> 0.1994 | CE91: =BX91/1000 -> 0
A92: 10001507 | B92: 10001507 | C92: 4 * TCL 15" Sheets 150*1.150M | D92: 10001507 | AG92: 4 * TCL 15" Sheets 150*1.150M | AI92: 4 | BS92: ='LookUp Gelpacks'!S34 -> 1.592 | BU92: ='LookUp Gelpacks'!AW40 -> 22.56 | BW92: ='LookUp Gelpacks'!CE34 -> 193.1 | BY92: ='LookUp Gelpacks'!V34 -> 4 | BZ92: =BU92 -> 22.56 | CA92: =BY92*BS92 -> 6.368 | CC92: =(AI92*BR92)/1000 -> 0 | CD92: =BW92/1000 -> 0.1931 | CE92: =BX92/1000 -> 0
A93: 10001512 | B93: 10001512 | C93: 6 * TCL 15" SHEETS 2DC 100*0.800M | D93: 10001512 | AG93: 6 * TCL 15" SHEETS 2DC 100*0.800M | AI93: 6 | BS93: ='LookUp Gelpacks'!S35 -> 1.258 | BU93: ='LookUp Gelpacks'!AW41 -> 22.56 | BW93: ='LookUp Gelpacks'!CE35 -> 201.9 | BY93: ='LookUp Gelpacks'!V35 -> 6 | BZ93: =BU93 -> 22.56 | CA93: =BY93*BS93 -> 7.548 | CC93: =(AI93*BR93)/1000 -> 0 | CD93: =BW93/1000 -> 0.2019 | CE93: =BX93/1000 -> 0
A94: 10001514 | B94: 10001514 | C94: 5 * TCL 15" SHEETS 2DC 100*1.000M | D94: 10001514 | AG94: 5 * TCL 15" SHEETS 2DC 100*1.000M | AI94: 5 | BS94: ='LookUp Gelpacks'!S36 -> 1.489 | BU94: ='LookUp Gelpacks'!AW42 -> 22.56 | BW94: ='LookUp Gelpacks'!CE36 -> 199.4 | BY94: ='LookUp Gelpacks'!V36 -> 5 | BZ94: =BU94 -> 22.56 | CA94: =BY94*BS94 -> 7.445 | CC94: =(AI94*BR94)/1000 -> 0 | CD94: =BW94/1000 -> 0.1994 | CE94: =BX94/1000 -> 0
A95: 10001515 | B95: 10001515 | C95: 4 * TCL 15" SHEETS 2DC 100*1.150M | D95: 10001515 | AG95: 4 * TCL 15" SHEETS 2DC 100*1.150M | AI95: 4 | BS95: ='LookUp Gelpacks'!S37 -> 1.592 | BU95: ='LookUp Gelpacks'!AW43 -> 22.56 | BW95: ='LookUp Gelpacks'!CE37 -> 193.1 | BY95: ='LookUp Gelpacks'!V37 -> 4 | BZ95: =BU95 -> 22.56 | CA95: =BY95*BS95 -> 6.368 | CC95: =(AI95*BR95)/1000 -> 0 | CD95: =BW95/1000 -> 0.1931 | CE95: =BX95/1000 -> 0 | CI95: x | CJ95: x
A96: 10001519 | B96: 10001519 | D96: 10001519 | F96: No | G96: Void Fill | H96: FillPak TT | I96: FP Pack 1p 0.38*360m 70gsm RK gr. | L96: Fillpak Table Top ; Fillpak Table Top cutter ; Fillpak Manual ; Fillpak Trident ; FillpakTrident bulk ; FillpakTrident mini ; FillpakTrident mini bulk ; | M96: Pack | N96: 70gsm | O96: 70,0 g/m2 +/- 2,5 g/m² | P96: 1 | Q96: Recycled Kraft | R96: Brown | S96: European Union | V96: 0.38 x 360m | W96: 360 ± 4 | X96: 380 -1 +5 | Y96: Grass | AA96: 10 | AC96: 23 ± 3 | AD96: 48043158 | AE96: Euro | AG96: TTC 70 Rec pack 38 360m EP Grass | AH96: 0.8 | AI96: 48 | AJ96: 1.2 | AK96: 1.2 | AL96: 0.80 x 1.20 x 1.20m | AM96: Yes | AN96: 486 ±19 | AO96: 480 | AP96: PAP22 | AQ96: FSC Recycled 100% | AR96: FSC-C134738 | AS96: RoHS Compliant | AT96: No | AV96: 0.15 | AW96: 0.85 | AY96: 0.15 | AZ96: 0.3 | BA96: 0.55 | BG96: Void Fill is a paper filler material, used to close up the free space in your shipping box and lock products in place. When items are prevented from moving during transit, the chances of breakage go down. A paper-based filler offers excellent physical properties in terms of absorbing shocks and protecting sensitive products, and is also more sustainable than plastic alternatives. | BH96: Ecoline protects boxed items in the most economical way while using 100% recycled post-consumer waste materials. Consumer waste is the same paper that can be recycled in your curbside recycling bin, making Ecoline an exceptionally eco-friendly solution. | BI96: 08/29/2024 05:15 AM | BJ96: Vu, Pierre | BM96: False | BO96: ='LookUp Roll&Packs'!$U$9 -> 43.19 | BR96: ='LookUp Roll&Packs'!$V$9 -> 5.22 | BT96: =AI96 -> 48 | BU96: ='LookUp Roll&Packs'!$BI$9 -> 22.56 | BV96: ='LookUp Roll&Packs'!$CO$9 -> 2796.7 | BW96: ='LookUp Roll&Packs'!$CQ$9 -> 175.14 | BX96: ='LookUp Roll&Packs'!$CP$9 -> 66.8 | BY96: 1 | BZ96: =BU96 -> 22.56 | CA96: =((AI96*BO96)+BV96)/1000 -> 4.86982 | CC96: =(AI96*BR96)/1000 -> 0.25056 | CD96: =BW96/1000 -> 0.17514 | CE96: =BX96/1000 -> 0.0668 | CH96: x | CI96: x | CJ96: x
A97: 10001522 | B97: 10001522 | D97: 10001522 | F97: No | G97: Cushioning | H97: PadPak Guardian | I97: PP Pack 2CF 0.38*180m 70/70gsm RK/RK gr. | L97: PadPak Guardian ; ; ; ; ; ; ; | M97: Pack | N97: 70/70gsm | O97: 70,0 g/m2 +/- 2,5 g/m²(inner layer) ; 70,0 g/m2 +/- 2,5 g/m²(outer layer) | P97: 0 | Q97: Recycled Kraft/Recycled Kraft | R97: Brown | S97: European Union | V97: 0.38 x 180m | W97: 180 ± 2 | X97: 380 -1 +5 | Y97: Grass | AA97: 19.4 | AC97: 35 ± 5 | AD97: 48043158 | AE97: Euro | AG97: Gdn 70/70 Rec pack 38 180m EP Grass | AH97: 0.8 | AI97: 24 | AJ97: 1.2 | AK97: 1.2 | AL97: 0.80 x 1.20 x 1.20m | AM97: Yes | AN97: 486 ±17 | AO97: 466 | AP97: PAP22 | AR97: FSC-C134738 | AS97: RoHS Compliant | AT97: No | AV97: 0.15 | AW97: 0.85 | AY97: 0.15 | AZ97: 0.3 | BA97: 0.55 | BB97: 217 | BC97: 23 | BD97: 13.5 | BI97: 08/29/2024 05:15 AM | BJ97: Vu, Pierre | BM97: False | BO97: ='LookUp Roll&Packs'!$U$10 -> 71.26 | BR97: ='LookUp Roll&Packs'!$V$10 -> 7.78 | BT97: =AI97 -> 24 | BU97: ='LookUp Roll&Packs'!$BI$10 -> 22.56 | BV97: ='LookUp Roll&Packs'!$CO$10 -> 2796.7 | BW97: ='LookUp Roll&Packs'!$CQ$10 -> 160.74 | BX97: ='LookUp Roll&Packs'!$CP$10 -> 66.8 | BY97: 1 | BZ97: =BU97 -> 22.56 | CA97: =((AI97*BO97)+BV97)/1000 -> 4.50694 | CC97: =(AI97*BR97)/1000 -> 0.18672 | CD97: =BW97/1000 -> 0.16074 | CE97: =BX97/1000 -> 0.0668 | CH97: x | CI97: x | CJ97: x
A98: 10001523 | B98: 10001523 | D98: 10001523 | F98: No | G98: Cushioning | H98: PadPak Guardian | I98: PP Pack 1CF 0.38*250m 100gsm RK gr. | L98: PadPak Guardian ; ; ; ; ; ; ; | M98: Pack | N98: 100gsm | O98: 100,0 g/m2 +/- 3,5 g/m² | P98: 0 | Q98: Recycled Kraft | R98: Brown | S98: European Union | V98: 0.38 x 250m | W98: 250 ± 3 | X98: 380 -1 +5 | Y98: Grass | AA98: 19.3 | AC98: 35 ± 5 | AD98: 48043158 | AE98: Euro | AG98: Gdn 100 Rec pack 38 250m EP Grass | AH98: 0.8 | AI98: 24 | AJ98: 1.2 | AK98: 1.2 | AL98: 0.80 x 1.20 x 1.20m | AM98: Yes | AN98: 482 ±456 | AO98: 464 | AP98: PAP22 | AQ98: FSC Recycled 100% | AR98: FSC-C134738 | AS98: RoHS Compliant | AT98: No | AV98: 0.15 | AW98: 0.85 | AY98: 0.15 | AZ98: 0.3 | BA98: 0.55 | BI98: 08/29/2024 05:15 AM | BJ98: Vu, Pierre | BM98: False | BO98: ='LookUp Roll&Packs'!$U$10 -> 71.26 | BR98: ='LookUp Roll&Packs'!$V$10 -> 7.78 | BT98: =AI98 -> 24 | BU98: ='LookUp Roll&Packs'!$BI$10 -> 22.56 | BV98: ='LookUp Roll&Packs'!$CO$10 -> 2796.7 | BW98: ='LookUp Roll&Packs'!$CQ$10 -> 160.74 | BX98: ='LookUp Roll&Packs'!$CP$10 -> 66.8 | BY98: 1 | BZ98: =BU98 -> 22.56 | CA98: =((AI98*BO98)+BV98)/1000 -> 4.50694 | CC98: =(AI98*BR98)/1000 -> 0.18672 | CD98: =BW98/1000 -> 0.16074 | CE98: =BX98/1000 -> 0.0668 | CH98: x
D99: 10001534 | E99: Active | F99: Yes | G99: Wrapping | H99: Geami HV | I99: GE Roll DC 0.51*250m 80gsm PK | N99: 80 | O99: 80.0 g/m2 +/- 3.0 g/m² | P99: 1 | Q99: Premium Kraft | R99: Brown | CJ99: x
A100: 10001590 | B100: 10001590 | D100: 10001590 | E100: Active | F100: Yes | G100: Cold Chain | H100: RecyCold Coolpack | I100: RC Cool Pack 125 pc CB Tray 100g | L100: - | M100: Carton | P100: 0 | Q100: - | R100: Brown | S100: European Union | V100: 0.15 x 0.11m | W100: 0.11 | X100: 0.15 | Y100: CB Tray Euro | AA100: 13.1 | AD100: 38249992 | AE100: Euro | AG100: Cool Pack 100 gr CB Tray 44*125 Euro | AH100: 0.8 | AJ100: 1.2 | AK100: 1.83 | AL100: 0.80 x 1.20 x 1.83m | AM100: Yes | AN100: 599.5 | AO100: 578 | AP100: PAP22 | AR100: FSC-C134738 | AS100: RoHS Compliant | AT100: No | AV100: NA | AW100: NA | AX100: NA | AY100: 0 | BG100: Cold chain solutions are used to protect packages from temperature fluctuations and physical damages during shipment. RecyCold cool packs and climaliner use environmentally friendly paper for reliable temperature control when packing groceries, meal kits or specialty food. Alongside cost savings and environmental benefits, the right packaging solution must support global goals of minimizing food waste. | BH100: Made using a paper pouch with polyethylene (PE) coating, and inside each pouch is a 100% biodegradable cooling gel – creating a product that reflect using materials that have a low environmental impact both during production and after use. | BI100: 08/29/2024 05:15 AM | BJ100: Vu, Pierre | BM100: False | BP100: ='LookUp Gelpacks'!C4 -> 4.44015 | BS100: ='LookUp Gelpacks'!S4 -> 0.654 | BT100: ='LookUp Gelpacks'!F4 -> 125 | BV100: ='LookUp Gelpacks'!S4 -> 0.654 | BY100: ='LookUp Gelpacks'!V4 -> 44 | BZ100: ='LookUp Gelpacks'!AW4 -> 22.56 | CA100: ='LookUp Gelpacks'!CB4 -> 257.38 | CJ100: x
...

Sheet LookUp Roll&Packs
C1: Primary | H1: Primary | I1: Primary | N1: Primary | O1: Primary | T1: Primary | U1: Primary | Z1: Primary | AB1: Secondary | AC1: Secondary | BI1: Tertairy | BP1: Tertairy | BR1: Tertairy | BY1: Tertairy | CA1: Tertairy | CH1: Tertairy | CJ1: Tertairy | CR1: Tertairy | CY1: Tert | DD1: Sec | DH1: Cold Chain
C2: Individual weights | H2: Individual weights | I2: # of items | N2: # of items | O2: material | T2: material | U2: Total weights | Z2: Total weights | AB2: Individual weights | AC2: # of items | BI2: Individual weights | BP2: Individual weights | BR2: # of items | BY2: # of items | CA2: material | CH2: material | CJ2: Total weight | CR2: Total weight | CX2: Unit | CY2: Wood | CZ2: Corner posts | DA2: Corrug tray | DB2: Strap bands | DC2: Stretch film | DD2: L shape | DE2: Strapband | DF2: Roll core | DG2: Roll end caps | DH2: CC box/tray | DI2: CC tray | DJ2: CC Box
C3: L-shape | D3: Strap | E3: Roll core | F3: Roll plugs | G3: Sticker | I3: L-shape | J3: Strap | K3: Roll core | L3: Roll plugs | M3: Sticker | O3: L-shape | P3: Strap | Q3: Roll core | R3: Roll plugs | S3: Sticker | U3: L-shape | V3: Strap | W3: Roll core | X3: Roll plugs | Y3: Sticker | AC3: L-shape | AD3: Strap | AE3: Roll core | AF3: Roll plugs | BI3: Pallet | BJ3: Corner posts | BK3: Top posts | BL3: Corrug tray | BM3: Corrug sheet | BN3: Strap bands | BO3: Stretch film | BR3: Pallet | BS3: Corner posts | BT3: Top posts | BU3: Corrug tray | BV3: Corrug sheet | BW3: Strap bands | BX3: Stretch film | CA3: Pallet | CB3: Corner posts | CC3: Top posts | CD3: Corrug tray | CE3: Corrug sheet | CF3: Strap bands | CG3: Stretch film | CJ3: Pallet | CK3: Corner posts | CL3: Top posts | CM3: Corrug tray | CN3: Corrug sheet | CO3: Paper | CP3: Strap bands | CQ3: Stretch film | CX3: roll | CY3: 22.556 | DC3: 0.1 | DF3: 0.2 | DG3: =2*0.02 -> 0.04
A4: roll_30 | E4: 185.22 | F4: 9.11 | G4: ?? | K4: 1 | L4: 2 | M4: 1 | Q4: Paper | R4: HDPE 2 | S4: Paper | W4: =K4*E4 -> 185.22 | X4: =L4*F4 -> 18.22 | Y4: =M4*G4 -> #VALUE! | BI4: 22.56 | BM4: 257.38 | BO4: 137 | BR4: 1 | BV4: 1 | BX4: 1 | CA4: Wood | CE4: Paper | CG4: LDPE 4 | CJ4: =BI4*BR4 -> 22.56 | CN4: =BM4*BV4 -> 257.38 | CO4: =CN4 -> 257.38 | CP4: =BN4*BW4 -> 0 | CQ4: =BO4*BX4 -> 137 | CX4: CL_box | CY4: 22.556 | DH4: 1.1
A5: roll_27 | E5: 156.92 | K5: 1 | Q5: Paper | S5: Paper | W5: =K5*E5 -> 156.92 | BI5: 22.56 | BM5: 257.38 | BO5: 135 | BR5: 1 | BV5: 1 | BX5: 1 | CA5: Wood | CE5: Paper | CG5: LDPE 4 | CJ5: =BI5*BR5 -> 22.56 | CN5: =BM5*BV5 -> 257.38 | CO5: =CN5 -> 257.38 | CP5: =BN5*BW5 -> 0 | CQ5: =BO5*BX5 -> 135 | CX5: CC_tray | CY5: 22.556 | DH5: 0.624
A6: roll_15 | E6: 92.18 | K6: 1 | Q6: Paper | S6: Paper | W6: =K6*E6 -> 92.18 | BI6: 22.56 | BM6: 257.38 | BO6: 135 | BR6: 1 | BV6: 1 | BX6: 1 | CA6: Wood | CE6: Paper | CG6: LDPE 4 | CJ6: =BI6*BR6 -> 22.56 | CN6: =BM6*BV6 -> 257.38 | CO6: =CN6 -> 257.38 | CP6: =BN6*BW6 -> 0 | CQ6: =BO6*BX6 -> 135 | CX6: pack_30 | CY6: 22.556 | CZ6: =4*0.3756 -> 1.5024 | DA6: =2*0.74 -> 1.48 | DB6: =1*0.17 -> 0.17 | DC6: 0.4 | DD6: =0.08 -> 0.08 | DE6: =2*0.01 -> 0.02
A7: pack_30 | C7: 80.74 | D7: 2.61 | I7: 1 | J7: 2 | O7: Paper | P7: PP 5 | U7: =I7*C7 -> 80.74 | V7: =J7*D7 -> 5.22 | BI7: 22.56 | BJ7: 142.23 | BK7: 383.01 | BL7: 730.88 | BN7: 33.4 | BO7: 175.14 | BR7: 1 | BS7: 4 | BT7: 2 | BU7: 2 | BW7: 2 | BX7: 1 | CA7: Wood | CB7: Paper | CC7: Paper | CD7: Paper | CF7: PET 1 | CG7: LDPE 4 | CJ7: =BI7*BR7 -> 22.56 | CK7: =BJ7*BS7 -> 568.92 | CL7: =BK7*BT7 -> 766.02 | CM7: =BL7*BU7 -> 1461.76 | CO7: =CK7+CL7+CM7 -> 2796.7 | CP7: =BN7*BW7 -> 66.8 | CQ7: =BO7*BX7 -> 175.14 | CX7: pack_15 | CY7: 22.556 | CZ7: =4*0.3756 -> 1.5024 | DA7: =2*0.74 -> 1.48 | DB7: =1*0.17 -> 0.17 | DC7: 1.4 | DD7: =0.04 -> 0.04 | DE7: =2*0.01 -> 0.02
A8: pack_22.5 | C8: 61.97 | D8: 2.61 | I8: 1 | J8: 2 | O8: Paper | P8: PP 5 | U8: =I8*C8 -> 61.97 | V8: =J8*D8 -> 5.22 | BI8: 22.56 | BJ8: 142.23 | BK8: 383.01 | BL8: 730.88 | BN8: 33.4 | BO8: 175.14 | BR8: 1 | BS8: 4 | BT8: 2 | BU8: 2 | BW8: 2 | BX8: 1 | CA8: Wood | CB8: Paper | CC8: Paper | CD8: Paper | CF8: PET 1 | CG8: LDPE 4 | CJ8: =BI8*BR8 -> 22.56 | CK8: =BJ8*BS8 -> 568.92 | CL8: =BK8*BT8 -> 766.02 | CM8: =BL8*BU8 -> 1461.76 | CO8: =CK8+CL8+CM8 -> 2796.7 | CP8: =BN8*BW8 -> 66.8 | CQ8: =BO8*BX8 -> 175.14 | CX8: Geami_EX | CY8: 22.556
A9: pack_15 | C9: 43.19 | D9: 2.61 | I9: 1 | J9: 2 | O9: Paper | P9: PP 5 | U9: =I9*C9 -> 43.19 | V9: =J9*D9 -> 5.22 | BI9: 22.56 | BJ9: 142.23 | BK9: 383.01 | BL9: 730.88 | BN9: 33.4 | BO9: 175.14 | BR9: 1 | BS9: 4 | BT9: 2 | BU9: 2 | BW9: 2 | BX9: 1 | CA9: Wood | CB9: Paper | CC9: Paper | CD9: Paper | CF9: PET 1 | CG9: LDPE 4 | CJ9: =BI9*BR9 -> 22.56 | CK9: =BJ9*BS9 -> 568.92 | CL9: =BK9*BT9 -> 766.02 | CM9: =BL9*BU9 -> 1461.76 | CO9: =CK9+CL9+CM9 -> 2796.7 | CP9: =BN9*BW9 -> 66.8 | CQ9: =BO9*BX9 -> 175.14 | CX9: Geami_HV | CY9: 22.556 | DA9: =3*0.25 -> 0.75 | DC9: 0.2 | DF9: 0.13 | DG9: =2*0.018 -> 0.036
A10: pack_GD | C10: 71.26 | D10: 3.89 | I10: 1 | J10: 2 | O10: Paper | P10: PP 5 | U10: =I10*C10 -> 71.26 | V10: =J10*D10 -> 7.78 | BI10: 22.56 | BJ10: 142.23 | BK10: 383.01 | BL10: 730.88 | BN10: 33.4 | BO10: 160.74 | BR10: 1 | BS10: 4 | BT10: 2 | BU10: 2 | BW10: 2 | BX10: 1 | CA10: Wood | CB10: Paper | CC10: Paper | CD10: Paper | CF10: PET 1 | CG10: LDPE 4 | CJ10: =BI10*BR10 -> 22.56 | CK10: =BJ10*BS10 -> 568.92 | CL10: =BK10*BT10 -> 766.02 | CM10: =BL10*BU10 -> 1461.76 | CO10: =CK10+CL10+CM10 -> 2796.7 | CP10: =BN10*BW10 -> 66.8 | CQ10: =BO10*BX10 -> 160.74
A11: roll_DC | E11: 182.41 | G11: ?? | K11: 1 | M11: 1 | Q11: Paper | S11: Paper | W11: =K11*E11 -> 182.41 | Y11: =M11*G11 -> #VALUE! | BI11: 22.56 | BM11: 257.38 | BR11: 1 | BV11: 2 | CA11: Wood | CE11: Paper | CG11: LDPE 4 | CJ11: =BI11*BR11 -> 22.56 | CN11: =BM11*BV11 -> 514.76 | CO11: =CN11 -> 514.76 | CP11: =BN11*BW11 -> 0 | CQ11: 156.29
A12: roll_IL | E12: 110 | G12: ?? | K12: 1 | M12: 1 | Q12: Paper | S12: Paper | W12: =K12*E12 -> 110 | Y12: =M12*G12 -> #VALUE! | BI12: 22.56 | BM12: 257.38 | BR12: 1 | BV12: 2 | CA12: Wood | CE12: Paper | CG12: LDPE 4 | CJ12: =BI12*BR12 -> 22.56 | CN12: =BM12*BV12 -> 514.76 | CO12: =CN12 -> 514.76 | CP12: =BN12*BW12 -> 0 | CQ12: 100

Sheet LookUp Gelpacks
C1: Primary | E1: Primary | F1: Primary | H1: Primary | I1: Primary | N1: Primary | O1: Primary | Q1: Primary | S1: Secondary | V1: Secondary | Y1: Secondary | AW1: Tertairy | BD1: Tertairy | BF1: Tertairy | BM1: Tertairy | BO1: Tertairy | BV1: Tertairy | BX1: Tertairy | CF1: Tertairy | CM1: Tert | CR1: Sec | CV1: Cold Chain
C2: Individual weights | E2: Individual weights | F2: # of items | H2: # of items | I2: material | N2: material | O2: Total weights | Q2: Total weights | S2: Individual weights | V2: # of items | Y2: totals | AW2: Individual weights | BD2: Individual weights | BF2: # of items | BM2: # of items | BO2: material | BV2: material | BX2: Total weight | CF2: Total weight | CL2: Unit | CM2: Wood | CN2: Corner posts | CO2: Corrug tray | CP2: Strap bands | CQ2: Stretch film | CR2: L shape | CS2: Strapband | CT2: Roll core | CU2: Roll end caps | CV2: CC box/tray | CW2: CC tray | CX2: CC Box
C3: CPAP | D3: PAP | F3: CPAP | G3: PAP | I3: L-shape | J3: Strap | K3: Roll core | L3: Roll plugs | M3: Sticker | O3: CPAP | P3: PAP | S3: PAP | T3: HDPE (returnable) | V3: PAP | W3: HDPE (returnable) | Y3: PAP | Z3: HDPE (returnable) | AW3: Pallet | AX3: Corner posts | AY3: Top posts | AZ3: Corrug tray | BA3: Corrug sheet | BB3: Strap bands | BC3: Stretch film | BF3: Pallet | BG3: Corner posts | BH3: Top posts | BI3: Corrug tray | BJ3: Corrug sheet | BK3: Strap bands | BL3: Stretch film | BO3: Pallet | BP3: Corner posts | BQ3: Top posts | BR3: Corrug tray | BS3: Corrug sheet | BT3: Strap bands | BU3: Stretch film | BX3: Pallet | BY3: Corner posts | BZ3: Top posts | CA3: Corrug tray | CB3: Corrug sheet | CC3: Paper | CD3: Strap bands | CE3: Stretch film | CL3: roll | CM3: 22.556 | CQ3: 0.1 | CT3: 0.2 | CU3: =2*0.02 -> 0.04
A4: 100 Tray - Euro | C4: 4.44015 | F4: 125 | K4: Paper | L4: HDPE 2 | M4: Paper | O4: =C4*F4 -> 555.01875 | S4: 0.654 | V4: 44 | Y4: =S4*V4 -> 28.776 | AW4: 22.56 | BA4: 257.38 | BC4: 137 | BF4: 1 | BJ4: 1 | BL4: 1 | BO4: Wood | BS4: Paper | BU4: LDPE 4 | BX4: =AW4*BF4 -> 22.56 | CB4: =BA4*BJ4 -> 257.38 | CC4: =CB4*BJ4 -> 257.38 | CD4: =BB4*BK4 -> 0 | CE4: =BC4*BL4 -> 137 | CL4: CL_box | CM4: 22.556 | CV4: 1.1
A5: 200 Tray - Euro | C5: 5.21235 | F5: 70 | K5: Paper | M5: Paper | O5: =C5*F5 -> 364.8645 | S5: 0.654 | V5: 44 | Y5: =S5*V5 -> 28.776 | AW5: 22.56 | BA5: 257.38 | BC5: 135 | BF5: 1 | BJ5: 1 | BL5: 1 | BO5: Wood | BS5: Paper | BU5: LDPE 4 | BX5: =AW5*BF5 -> 22.56 | CB5: =BA5*BJ5 -> 257.38 | CC5: =CB5 -> 257.38 | CD5: =BB5*BK5 -> 0 | CE5: =BC5*BL5 -> 135 | CL5: CC_tray | CM5: 22.556 | CV5: 0.624
A6: 300 Tray - Euro | C6: 6.75675 | K6: Paper | M6: Paper | O6: =C6*F6 -> 0 | S6: 0.654 | V6: 44 | Y6: =S6*V6 -> 28.776 | AW6: 22.56 | BA6: 257.38 | BC6: 135 | BF6: 1 | BJ6: 1 | BL6: 1 | BO6: Wood | BS6: Paper | BU6: LDPE 4 | BX6: =AW6*BF6 -> 22.56 | CB6: =BA6*BJ6 -> 257.38 | CC6: =CB6 -> 257.38 | CD6: =BB6*BK6 -> 0 | CE6: =BC6*BL6 -> 135 | CL6: pack_30 | CM6: 22.556 | CN6: =4*0.3756 -> 1.5024 | CO6: =2*0.74 -> 1.48 | CP6: =1*0.17 -> 0.17 | CQ6: 0.4 | CR6: =0.08 -> 0.08 | CS6: =2*0.01 -> 0.02
A7: 400 Tray - Euro | C7: 7.91505 | F7: 40 | I7: Paper | J7: PP 5 | O7: =C7*F7 -> 316.602 | S7: 0.654 | V7: 44 | Y7: =S7*V7 -> 28.776 | AW7: 22.56 | AX7: 142.23 | AY7: 383.01 | AZ7: 730.88 | BB7: 33.4 | BC7: 175.14 | BF7: 1 | BG7: 4 | BH7: 2 | BI7: 2 | BK7: 2 | BL7: 1 | BO7: Wood | BP7: Paper | BQ7: Paper | BR7: Paper | BT7: PET 1 | BU7: LDPE 4 | BX7: =AW7*BF7 -> 22.56 | BY7: =AX7*BG7 -> 568.92 | BZ7: =AY7*BH7 -> 766.02 | CA7: =AZ7*BI7 -> 1461.76 | CC7: =BY7+BZ7+CA7 -> 2796.7 | CD7: =BB7*BK7 -> 66.8 | CE7: =BC7*BL7 -> 175.14 | CL7: pack_15 | CM7: 22.556 | CN7: =4*0.3756 -> 1.5024 | CO7: =2*0.74 -> 1.48 | CP7: =1*0.17 -> 0.17 | CQ7: 1.4 | CR7: =0.04 -> 0.04 | CS7: =2*0.01 -> 0.02
A8: 500 Tray - Euro | C8: 8.68725 | F8: 32 | I8: Paper | J8: PP 5 | O8: =C8*F8 -> 277.992 | S8: 0.654 | V8: 44 | Y8: =S8*V8 -> 28.776 | AW8: 22.56 | AX8: 142.23 | AY8: 383.01 | AZ8: 730.88 | BB8: 33.4 | BC8: 175.14 | BF8: 1 | BG8: 4 | BH8: 2 | BI8: 2 | BK8: 2 | BL8: 1 | BO8: Wood | BP8: Paper | BQ8: Paper | BR8: Paper | BT8: PET 1 | BU8: LDPE 4 | BX8: =AW8*BF8 -> 22.56 | BY8: =AX8*BG8 -> 568.92 | BZ8: =AY8*BH8 -> 766.02 | CA8: =AZ8*BI8 -> 1461.76 | CC8: =BY8+BZ8+CA8 -> 2796.7 | CD8: =BB8*BK8 -> 66.8 | CE8: =BC8*BL8 -> 175.14 | CL8: Geami_EX | CM8: 22.556
A9: 600 Tray - Euro | C9: 9.45945 | F9: 24 | I9: Paper | J9: PP 5 | O9: =C9*F9 -> 227.0268 | S9: 0.654 | V9: 44 | Y9: =S9*V9 -> 28.776 | AW9: 22.56 | AX9: 142.23 | AY9: 383.01 | AZ9: 730.88 | BB9: 33.4 | BC9: 175.14 | BF9: 1 | BG9: 4 | BH9: 2 | BI9: 2 | BK9: 2 | BL9: 1 | BO9: Wood | BP9: Paper | BQ9: Paper | BR9: Paper | BT9: PET 1 | BU9: LDPE 4 | BX9: =AW9*BF9 -> 22.56 | BY9: =AX9*BG9 -> 568.92 | BZ9: =AY9*BH9 -> 766.02 | CA9: =AZ9*BI9 -> 1461.76 | CC9: =BY9+BZ9+CA9 -> 2796.7 | CD9: =BB9*BK9 -> 66.8 | CE9: =BC9*BL9 -> 175.14 | CL9: Geami_HV | CM9: 22.556 | CO9: =3*0.25 -> 0.75 | CQ9: 0.2 | CT9: 0.13 | CU9: =2*0.018 -> 0.036
A10: 800 Tray - Euro | C10: 13.33215 | I10: Paper | J10: PP 5 | O10: =C10*F10 -> 0 | S10: 0.654 | V10: 44 | Y10: =S10*V10 -> 28.776 | AW10: 22.56 | AX10: 142.23 | AY10: 383.01 | AZ10: 730.88 | BB10: 33.4 | BC10: 160.74 | BF10: 1 | BG10: 4 | BH10: 2 | BI10: 2 | BK10: 2 | BL10: 1 | BO10: Wood | BP10: Paper | BQ10: Paper | BR10: Paper | BT10: PET 1 | BU10: LDPE 4 | BX10: =AW10*BF10 -> 22.56 | BY10: =AX10*BG10 -> 568.92 | BZ10: =AY10*BH10 -> 766.02 | CA10: =AZ10*BI10 -> 1461.76 | CC10: =BY10+BZ10+CA10 -> 2796.7 | CD10: =BB10*BK10 -> 66.8 | CE10: =BC10*BL10 -> 160.74
A11: 100 IFCO - Euro | C11: 4.44015 | F11: 125 | K11: Paper | L11: HDPE 2 | M11: Paper | O11: =C11*F11 -> 555.01875 | T11: 1.5 | W11: 40 | Z11: =T11*W11 -> 60 | AW11: 22.56 | BA11: 257.38 | BC11: 137 | BF11: 1 | BJ11: 1 | BL11: 1 | BO11: Wood | BS11: Paper | BU11: LDPE 4 | BX11: =AW11*BF11 -> 22.56 | CB11: =BA11*BJ11 -> 257.38 | CC11: =CB11 -> 257.38 | CD11: =BB11*BK11 -> 0 | CE11: =BC11*BL11 -> 137 | CL11: CL_box | CM11: 22.556 | CV11: 1.1
A12: 200 IFCO - Euro | C12: 5.21235 | F12: 70 | K12: Paper | M12: Paper | O12: =C12*F12 -> 364.8645 | T12: 1.5 | W12: 40 | Z12: =T12*W12 -> 60 | AW12: 22.56 | BA12: 257.38 | BC12: 135 | BF12: 1 | BJ12: 1 | BL12: 1 | BO12: Wood | BS12: Paper | BU12: LDPE 4 | BX12: =AW12*BF12 -> 22.56 | CB12: =BA12*BJ12 -> 257.38 | CC12: =CB12 -> 257.38 | CD12: =BB12*BK12 -> 0 | CE12: =BC12*BL12 -> 135 | CL12: CC_tray | CM12: 22.556 | CV12: 0.624
A13: 300 IFCO - Euro | C13: 6.75675 | K13: Paper | M13: Paper | O13: =C13*F13 -> 0 | T13: 1.5 | W13: 40 | Z13: =T13*W13 -> 60 | AW13: 22.56 | BA13: 257.38 | BC13: 135 | BF13: 1 | BJ13: 1 | BL13: 1 | BO13: Wood | BS13: Paper | BU13: LDPE 4 | BX13: =AW13*BF13 -> 22.56 | CB13: =BA13*BJ13 -> 257.38 | CC13: =CB13 -> 257.38 | CD13: =BB13*BK13 -> 0 | CE13: =BC13*BL13 -> 135 | CL13: pack_30 | CM13: 22.556 | CN13: =4*0.3756 -> 1.5024 | CO13: =2*0.74 -> 1.48 | CP13: =1*0.17 -> 0.17 | CQ13: 0.4 | CR13: =0.08 -> 0.08 | CS13: =2*0.01 -> 0.02
A14: 400 IFCO - Euro | C14: 7.91505 | F14: 40 | I14: Paper | J14: PP 5 | O14: =C14*F14 -> 316.602 | T14: 1.5 | W14: 40 | Z14: =T14*W14 -> 60 | AW14: 22.56 | AX14: 142.23 | AY14: 383.01 | AZ14: 730.88 | BB14: 33.4 | BC14: 175.14 | BF14: 1 | BG14: 4 | BH14: 2 | BI14: 2 | BK14: 2 | BL14: 1 | BO14: Wood | BP14: Paper | BQ14: Paper | BR14: Paper | BT14: PET 1 | BU14: LDPE 4 | BX14: =AW14*BF14 -> 22.56 | BY14: =AX14*BG14 -> 568.92 | BZ14: =AY14*BH14 -> 766.02 | CA14: =AZ14*BI14 -> 1461.76 | CC14: =BY14+BZ14+CA14 -> 2796.7 | CD14: =BB14*BK14 -> 66.8 | CE14: =BC14*BL14 -> 175.14 | CL14: pack_15 | CM14: 22.556 | CN14: =4*0.3756 -> 1.5024 | CO14: =2*0.74 -> 1.48 | CP14: =1*0.17 -> 0.17 | CQ14: 1.4 | CR14: =0.04 -> 0.04 | CS14: =2*0.01 -> 0.02
A15: 500 IFCO - Euro | C15: 8.68725 | F15: 32 | I15: Paper | J15: PP 5 | O15: =C15*F15 -> 277.992 | T15: 1.5 | W15: 40 | Z15: =T15*W15 -> 60 | AW15: 22.56 | AX15: 142.23 | AY15: 383.01 | AZ15: 730.88 | BB15: 33.4 | BC15: 175.14 | BF15: 1 | BG15: 4 | BH15: 2 | BI15: 2 | BK15: 2 | BL15: 1 | BO15: Wood | BP15: Paper | BQ15: Paper | BR15: Paper | BT15: PET 1 | BU15: LDPE 4 | BX15: =AW15*BF15 -> 22.56 | BY15: =AX15*BG15 -> 568.92 | BZ15: =AY15*BH15 -> 766.02 | CA15: =AZ15*BI15 -> 1461.76 | CC15: =BY15+BZ15+CA15 -> 2796.7 | CD15: =BB15*BK15 -> 66.8 | CE15: =BC15*BL15 -> 175.14 | CL15: Geami_EX | CM15: 22.556
A16: 600 IFCO - Euro | C16: 9.45945 | F16: 24 | I16: Paper | J16: PP 5 | O16: =C16*F16 -> 227.0268 | T16: 1.5 | W16: 40 | Z16: =T16*W16 -> 60 | AW16: 22.56 | AX16: 142.23 | AY16: 383.01 | AZ16: 730.88 | BB16: 33.4 | BC16: 175.14 | BF16: 1 | BG16: 4 | BH16: 2 | BI16: 2 | BK16: 2 | BL16: 1 | BO16: Wood | BP16: Paper | BQ16: Paper | BR16: Paper | BT16: PET 1 | BU16: LDPE 4 | BX16: =AW16*BF16 -> 22.56 | BY16: =AX16*BG16 -> 568.92 | BZ16: =AY16*BH16 -> 766.02 | CA16: =AZ16*BI16 -> 1461.76 | CC16: =BY16+BZ16+CA16 -> 2796.7 | CD16: =BB16*BK16 -> 66.8 | CE16: =BC16*BL16 -> 175.14 | CL16: Geami_HV | CM16: 22.556 | CO16: =3*0.25 -> 0.75 | CQ16: 0.2 | CT16: 0.13 | CU16: =2*0.018 -> 0.036
A17: 800 IFCO - Euro | C17: 13.33215 | I17: Paper | J17: PP 5 | O17: =C17*F17 -> 0 | T17: 1.5 | W17: 40 | Z17: =T17*W17 -> 60 | AW17: 22.56 | AX17: 142.23 | AY17: 383.01 | AZ17: 730.88 | BB17: 33.4 | BC17: 160.74 | BF17: 1 | BG17: 4 | BH17: 2 | BI17: 2 | BK17: 2 | BL17: 1 | BO17: Wood | BP17: Paper | BQ17: Paper | BR17: Paper | BT17: PET 1 | BU17: LDPE 4 | BX17: =AW17*BF17 -> 22.56 | BY17: =AX17*BG17 -> 568.92 | BZ17: =AY17*BH17 -> 766.02 | CA17: =AZ17*BI17 -> 1461.76 | CC17: =BY17+BZ17+CA17 -> 2796.7 | CD17: =BB17*BK17 -> 66.8 | CE17: =BC17*BL17 -> 160.74
A18: 100 Tray - Block | C18: 4.44015 | F18: 125 | K18: Paper | L18: HDPE 2 | M18: Paper | O18: =C18*F18 -> 555.01875 | S18: 0.654 | V18: 50 | Y18: =S18*V18 -> 32.7 | AW18: 22.56 | BA18: 257.38 | BC18: 137 | BF18: 1 | BJ18: 1 | BL18: 1 | BO18: Wood | BS18: Paper | BU18: LDPE 4 | BX18: =AW18*BF18 -> 22.56 | CB18: =BA18*BJ18 -> 257.38 | CC18: =CB18 -> 257.38 | CD18: =BB18*BK18 -> 0 | CE18: =BC18*BL18 -> 137 | CL18: CL_box | CM18: 22.556 | CV18: 1.1
A19: 200 Tray - Block | C19: 5.21235 | F19: 70 | K19: Paper | M19: Paper | O19: =C19*F19 -> 364.8645 | S19: 0.654 | V19: 50 | Y19: =S19*V19 -> 32.7 | AW19: 22.56 | BA19: 257.38 | BC19: 135 | BF19: 1 | BJ19: 1 | BL19: 1 | BO19: Wood | BS19: Paper | BU19: LDPE 4 | BX19: =AW19*BF19 -> 22.56 | CB19: =BA19*BJ19 -> 257.38 | CC19: =CB19 -> 257.38 | CD19: =BB19*BK19 -> 0 | CE19: =BC19*BL19 -> 135 | CL19: CC_tray | CM19: 22.556 | CV19: 0.624
A20: 300 Tray - Block | C20: 6.75675 | K20: Paper | M20: Paper | O20: =C20*F20 -> 0 | S20: 0.654 | V20: 50 | Y20: =S20*V20 -> 32.7 | AW20: 22.56 | BA20: 257.38 | BC20: 135 | BF20: 1 | BJ20: 1 | BL20: 1 | BO20: Wood | BS20: Paper | BU20: LDPE 4 | BX20: =AW20*BF20 -> 22.56 | CB20: =BA20*BJ20 -> 257.38 | CC20: =CB20 -> 257.38 | CD20: =BB20*BK20 -> 0 | CE20: =BC20*BL20 -> 135 | CL20: pack_30 | CM20: 22.556 | CN20: =4*0.3756 -> 1.5024 | CO20: =2*0.74 -> 1.48 | CP20: =1*0.17 -> 0.17 | CQ20: 0.4 | CR20: =0.08 -> 0.08 | CS20: =2*0.01 -> 0.02
A21: 400 Tray - Block | C21: 7.91505 | F21: 40 | I21: Paper | J21: PP 5 | O21: =C21*F21 -> 316.602 | S21: 0.654 | V21: 50 | Y21: =S21*V21 -> 32.7 | AW21: 22.56 | AX21: 142.23 | AY21: 383.01 | AZ21: 730.88 | BB21: 33.4 | BC21: 175.14 | BF21: 1 | BG21: 4 | BH21: 2 | BI21: 2 | BK21: 2 | BL21: 1 | BO21: Wood | BP21: Paper | BQ21: Paper | BR21: Paper | BT21: PET 1 | BU21: LDPE 4 | BX21: =AW21*BF21 -> 22.56 | BY21: =AX21*BG21 -> 568.92 | BZ21: =AY21*BH21 -> 766.02 | CA21: =AZ21*BI21 -> 1461.76 | CC21: =BY21+BZ21+CA21 -> 2796.7 | CD21: =BB21*BK21 -> 66.8 | CE21: =BC21*BL21 -> 175.14 | CL21: pack_15 | CM21: 22.556 | CN21: =4*0.3756 -> 1.5024 | CO21: =2*0.74 -> 1.48 | CP21: =1*0.17 -> 0.17 | CQ21: 1.4 | CR21: =0.04 -> 0.04 | CS21: =2*0.01 -> 0.02
A22: 500 Tray - Block | C22: 8.68725 | F22: 32 | I22: Paper | J22: PP 5 | O22: =C22*F22 -> 277.992 | S22: 0.654 | V22: 50 | Y22: =S22*V22 -> 32.7 | AW22: 22.56 | AX22: 142.23 | AY22: 383.01 | AZ22: 730.88 | BB22: 33.4 | BC22: 175.14 | BF22: 1 | BG22: 4 | BH22: 2 | BI22: 2 | BK22: 2 | BL22: 1 | BO22: Wood | BP22: Paper | BQ22: Paper | BR22: Paper | BT22: PET 1 | BU22: LDPE 4 | BX22: =AW22*BF22 -> 22.56 | BY22: =AX22*BG22 -> 568.92 | BZ22: =AY22*BH22 -> 766.02 | CA22: =AZ22*BI22 -> 1461.76 | CC22: =BY22+BZ22+CA22 -> 2796.7 | CD22: =BB22*BK22 -> 66.8 | CE22: =BC22*BL22 -> 175.14 | CL22: Geami_EX | CM22: 22.556
A23: 600 Tray - Block | C23: 9.45945 | F23: 24 | I23: Paper | J23: PP 5 | O23: =C23*F23 -> 227.0268 | S23: 0.654 | V23: 50 | Y23: =S23*V23 -> 32.7 | AW23: 22.56 | AX23: 142.23 | AY23: 383.01 | AZ23: 730.88 | BB23: 33.4 | BC23: 175.14 | BF23: 1 | BG23: 4 | BH23: 2 | BI23: 2 | BK23: 2 | BL23: 1 | BO23: Wood | BP23: Paper | BQ23: Paper | BR23: Paper | BT23: PET 1 | BU23: LDPE 4 | BX23: =AW23*BF23 -> 22.56 | BY23: =AX23*BG23 -> 568.92 | BZ23: =AY23*BH23 -> 766.02 | CA23: =AZ23*BI23 -> 1461.76 | CC23: =BY23+BZ23+CA23 -> 2796.7 | CD23: =BB23*BK23 -> 66.8 | CE23: =BC23*BL23 -> 175.14 | CL23: Geami_HV | CM23: 22.556 | CO23: =3*0.25 -> 0.75 | CQ23: 0.2 | CT23: 0.13 | CU23: =2*0.018 -> 0.036
A24: 800 Tray - Block | C24: 13.33215 | I24: Paper | J24: PP 5 | O24: =C24*F24 -> 0 | S24: 0.654 | V24: 50 | Y24: =S24*V24 -> 32.7 | AW24: 22.56 | AX24: 142.23 | AY24: 383.01 | AZ24: 730.88 | BB24: 33.4 | BC24: 160.74 | BF24: 1 | BG24: 4 | BH24: 2 | BI24: 2 | BK24: 2 | BL24: 1 | BO24: Wood | BP24: Paper | BQ24: Paper | BR24: Paper | BT24: PET 1 | BU24: LDPE 4 | BX24: =AW24*BF24 -> 22.56 | BY24: =AX24*BG24 -> 568.92 | BZ24: =AY24*BH24 -> 766.02 | CA24: =AZ24*BI24 -> 1461.76 | CC24: =BY24+BZ24+CA24 -> 2796.7 | CD24: =BB24*BK24 -> 66.8 | CE24: =BC24*BL24 -> 160.74
A25: 100 IFCO - Block | C25: 4.44015 | F25: 125 | K25: Paper | L25: HDPE 2 | M25: Paper | O25: =C25*F25 -> 555.01875 | T25: 1.5 | W25: 50 | Z25: =T25*W25 -> 75 | AW25: 22.56 | BA25: 257.38 | BC25: 137 | BF25: 1 | BJ25: 1 | BL25: 1 | BO25: Wood | BS25: Paper | BU25: LDPE 4 | BX25: =AW25*BF25 -> 22.56 | CB25: =BA25*BJ25 -> 257.38 | CC25: =CB25 -> 257.38 | CD25: =BB25*BK25 -> 0 | CE25: =BC25*BL25 -> 137 | CL25: CL_box | CM25: 22.556 | CV25: 1.1
A26: 200 IFCO - Block | C26: 5.21235 | F26: 70 | K26: Paper | M26: Paper | O26: =C26*F26 -> 364.8645 | T26: 1.5 | W26: 50 | Z26: =T26*W26 -> 75 | AW26: 22.56 | BA26: 257.38 | BC26: 135 | BF26: 1 | BJ26: 1 | BL26: 1 | BO26: Wood | BS26: Paper | BU26: LDPE 4 | BX26: =AW26*BF26 -> 22.56 | CB26: =BA26*BJ26 -> 257.38 | CC26: =CB26 -> 257.38 | CD26: =BB26*BK26 -> 0 | CE26: =BC26*BL26 -> 135 | CL26: CC_tray | CM26: 22.556 | CV26: 0.624
A27: 300 IFCO - Block | C27: 6.75675 | K27: Paper | M27: Paper | O27: =C27*F27 -> 0 | T27: 1.5 | W27: 50 | Z27: =T27*W27 -> 75 | AW27: 22.56 | BA27: 257.38 | BC27: 135 | BF27: 1 | BJ27: 1 | BL27: 1 | BO27: Wood | BS27: Paper | BU27: LDPE 4 | BX27: =AW27*BF27 -> 22.56 | CB27: =BA27*BJ27 -> 257.38 | CC27: =CB27 -> 257.38 | CD27: =BB27*BK27 -> 0 | CE27: =BC27*BL27 -> 135 | CL27: pack_30 | CM27: 22.556 | CN27: =4*0.3756 -> 1.5024 | CO27: =2*0.74 -> 1.48 | CP27: =1*0.17 -> 0.17 | CQ27: 0.4 | CR27: =0.08 -> 0.08 | CS27: =2*0.01 -> 0.02
A28: 400 IFCO - Block | C28: 7.91505 | F28: 40 | I28: Paper | J28: PP 5 | O28: =C28*F28 -> 316.602 | T28: 1.5 | W28: 50 | Z28: =T28*W28 -> 75 | AW28: 22.56 | AX28: 142.23 | AY28: 383.01 | AZ28: 730.88 | BB28: 33.4 | BC28: 175.14 | BF28: 1 | BG28: 4 | BH28: 2 | BI28: 2 | BK28: 2 | BL28: 1 | BO28: Wood | BP28: Paper | BQ28: Paper | BR28: Paper | BT28: PET 1 | BU28: LDPE 4 | BX28: =AW28*BF28 -> 22.56 | BY28: =AX28*BG28 -> 568.92 | BZ28: =AY28*BH28 -> 766.02 | CA28: =AZ28*BI28 -> 1461.76 | CC28: =BY28+BZ28+CA28 -> 2796.7 | CD28: =BB28*BK28 -> 66.8 | CE28: =BC28*BL28 -> 175.14 | CL28: pack_15 | CM28: 22.556 | CN28: =4*0.3756 -> 1.5024 | CO28: =2*0.74 -> 1.48 | CP28: =1*0.17 -> 0.17 | CQ28: 1.4 | CR28: =0.04 -> 0.04 | CS28: =2*0.01 -> 0.02
A29: 500 IFCO - Block | C29: 8.68725 | F29: 32 | I29: Paper | J29: PP 5 | O29: =C29*F29 -> 277.992 | T29: 1.5 | W29: 50 | Z29: =T29*W29 -> 75 | AW29: 22.56 | AX29: 142.23 | AY29: 383.01 | AZ29: 730.88 | BB29: 33.4 | BC29: 175.14 | BF29: 1 | BG29: 4 | BH29: 2 | BI29: 2 | BK29: 2 | BL29: 1 | BO29: Wood | BP29: Paper | BQ29: Paper | BR29: Paper | BT29: PET 1 | BU29: LDPE 4 | BX29: =AW29*BF29 -> 22.56 | BY29: =AX29*BG29 -> 568.92 | BZ29: =AY29*BH29 -> 766.02 | CA29: =AZ29*BI29 -> 1461.76 | CC29: =BY29+BZ29+CA29 -> 2796.7 | CD29: =BB29*BK29 -> 66.8 | CE29: =BC29*BL29 -> 175.14 | CL29: Geami_EX | CM29: 22.556
A30: 600 IFCO - Block | C30: 9.45945 | F30: 24 | I30: Paper | J30: PP 5 | O30: =C30*F30 -> 227.0268 | T30: 1.5 | W30: 50 | Z30: =T30*W30 -> 75 | AW30: 22.56 | AX30: 142.23 | AY30: 383.01 | AZ30: 730.88 | BB30: 33.4 | BC30: 175.14 | BF30: 1 | BG30: 4 | BH30: 2 | BI30: 2 | BK30: 2 | BL30: 1 | BO30: Wood | BP30: Paper | BQ30: Paper | BR30: Paper | BT30: PET 1 | BU30: LDPE 4 | BX30: =AW30*BF30 -> 22.56 | BY30: =AX30*BG30 -> 568.92 | BZ30: =AY30*BH30 -> 766.02 | CA30: =AZ30*BI30 -> 1461.76 | CC30: =BY30+BZ30+CA30 -> 2796.7 | CD30: =BB30*BK30 -> 66.8 | CE30: =BC30*BL30 -> 175.14 | CL30: Geami_HV | CM30: 22.556 | CO30: =3*0.25 -> 0.75 | CQ30: 0.2 | CT30: 0.13 | CU30: =2*0.018 -> 0.036
A31: 800 IFCO - Block | C31: 13.33215 | I31: Paper | J31: PP 5 | O31: =C31*F31 -> 0 | T31: 1.5 | W31: 50 | Z31: =T31*W31 -> 75 | AW31: 22.56 | AX31: 142.23 | AY31: 383.01 | AZ31: 730.88 | BB31: 33.4 | BC31: 160.74 | BF31: 1 | BG31: 4 | BH31: 2 | BI31: 2 | BK31: 2 | BL31: 1 | BO31: Wood | BP31: Paper | BQ31: Paper | BR31: Paper | BT31: PET 1 | BU31: LDPE 4 | BX31: =AW31*BF31 -> 22.56 | BY31: =AX31*BG31 -> 568.92 | BZ31: =AY31*BH31 -> 766.02 | CA31: =AZ31*BI31 -> 1461.76 | CC31: =BY31+BZ31+CA31 -> 2796.7 | CD31: =BB31*BK31 -> 66.8 | CE31: =BC31*BL31 -> 160.74
A32: CL 1ply 80 - Euro | G32: 150 | S32: 1.258 | V32: 6 | Y32: =S32*V32 -> 7.548 | AW32: 22.56 | BC32: 201.9 | BF32: 1 | BL32: 1 | BO32: Wood | BU32: LDPE 5 | BX32: =AW32*BF32 -> 22.56 | CC32: =Y32 -> 7.548 | CE32: =BC32*BL32 -> 201.9
A33: CL 1ply 100 - Euro | G33: 150 | S33: 1.489 | V33: 5 | Y33: =S33*V33 -> 7.445 | AW33: 22.56 | BC33: 199.4 | BF33: 1 | BL33: 1 | BO33: Wood | BU33: LDPE 6 | BX33: =AW33*BF33 -> 22.56 | CC33: =Y33 -> 7.445 | CE33: =BC33*BL33 -> 199.4
A34: CL 1ply 115 - Euro | G34: 150 | S34: 1.592 | V34: 4 | Y34: =S34*V34 -> 6.368 | AW34: 22.56 | BC34: 193.1 | BF34: 1 | BL34: 1 | BO34: Wood | BU34: LDPE 7 | BX34: =AW34*BF34 -> 22.56 | CC34: =Y34 -> 6.368 | CE34: =BC34*BL34 -> 193.1
A35: CL 2ply 80 - Euro | G35: 100 | S35: 1.258 | V35: 6 | Y35: =S35*V35 -> 7.548 | AW35: 22.56 | BC35: 201.9 | BF35: 1 | BL35: 1 | BO35: Wood | BU35: LDPE 8 | BX35: =AW35*BF35 -> 22.56 | CC35: =Y35 -> 7.548 | CE35: =BC35*BL35 -> 201.9
A36: CL 2ply 100 - Euro | G36: 100 | S36: 1.489 | V36: 5 | Y36: =S36*V36 -> 7.445 | AW36: 22.56 | BC36: 199.4 | BF36: 1 | BL36: 1 | BO36: Wood | BU36: LDPE 9 | BX36: =AW36*BF36 -> 22.56 | CC36: =Y36 -> 7.445 | CE36: =BC36*BL36 -> 199.4
A37: C L2ply 115 - Euro | G37: 100 | S37: 1.592 | V37: 4 | Y37: =S37*V37 -> 6.368 | AW37: 22.56 | BC37: 193.1 | BF37: 1 | BL37: 1 | BO37: Wood | BU37: LDPE 10 | BX37: =AW37*BF37 -> 22.56 | CC37: =Y37 -> 6.368 | CE37: =BC37*BL37 -> 193.1
A38: CL 1ply 80 - Blok | G38: 150 | S38: 1.258 | AW38: 22.56
A39: CL 1ply 100 - Blok | G39: 150 | S39: 1.489 | AW39: 22.56
A40: CL 1ply 115 - Blok | G40: 150 | S40: 1.592 | AW40: 22.56
A41: CL 2ply 80 - Blok | G41: 100 | S41: 1.258 | AW41: 22.56
A42: CL 2ply 100 - Blok | G42: 100 | S42: 1.489 | AW42: 22.56
A43: C L2ply 115 - Blok | G43: 100 | S43: 1.592 | AW43: 22.56

Sheet LookUp ExBox
C1: Primary | F1: Primary | H1: Secondary | J1: Tertairy | Q1: Tertairy | S1: Tertairy | Z1: Tertairy | AB1: Tertairy | AI1: Tertairy | AK1: Tertairy | AS1: Tertairy | AZ1: Tert | BE1: Sec | BI1: Cold Chain
C2: Total weights | F2: Total weights | H2: Individual weights | J2: Individual weights | Q2: Individual weights | S2: # of items | Z2: # of items | AB2: material | AI2: material | AK2: Total weight | AS2: Total weight | AY2: Unit | AZ2: Wood | BA2: Corner posts | BB2: Corrug tray | BC2: Strap bands | BD2: Stretch film | BE2: L shape | BF2: Strapband | BG2: Roll core | BH2: Roll end caps | BI2: CC box/tray | BJ2: CC tray | BK2: CC Box
C3: Paper | D3: HDPE | E3: Metal | J3: Pallet | K3: Corner posts | L3: Top posts | M3: Corrug tray | N3: Corrug sheet | O3: Strap bands | P3: Stretch film | S3: Pallet | T3: Corner posts | U3: Top posts | V3: Corrug tray | W3: Corrug sheet | X3: Strap bands | Y3: Stretch film | AB3: Pallet | AC3: Corner posts | AD3: Top posts | AE3: Corrug tray | AF3: Corrug sheet | AG3: Strap bands | AH3: Stretch film | AK3: Pallet | AL3: Corner posts | AM3: Top posts | AN3: Corrug tray | AO3: Corrug sheet | AP3: Paper | AQ3: Strap bands | AR3: Stretch film | AY3: roll | AZ3: 22.556 | BD3: 0.1 | BG3: 0.2 | BH3: =2*0.02 -> 0.04
A4: Double roll | C4: =C27 -> 1278 | D4: =C28 -> 52 | E4: =C29 -> 81 | J4: 22.56 | N4: 257.38 | P4: 137 | S4: 1 | W4: 1 | Y4: 1 | AB4: Wood | AF4: Paper | AH4: LDPE 4 | AK4: =J4*S4 -> 22.56 | AO4: =N4*W4 -> 257.38 | AP4: =AO4 -> 257.38 | AQ4: =O4*X4 -> 0 | AR4: =P4*Y4 -> 137 | AY4: CL_box | AZ4: 22.556 | BI4: 1.1
A5: Single roll | C5: =F27 -> 1054 | D5: =F28 -> 52 | J5: 22.56 | N5: 257.38 | P5: 135 | S5: 1 | W5: 1 | Y5: 1 | AB5: Wood | AF5: Paper | AH5: LDPE 4 | AK5: =J5*S5 -> 22.56 | AO5: =N5*W5 -> 257.38 | AP5: =AO5 -> 257.38 | AQ5: =O5*X5 -> 0 | AR5: =P5*Y5 -> 135 | AY5: CC_tray | AZ5: 22.556 | BI5: 0.624
A11: ExBox | E11: ExBox Mini
A12: Corrugated 1 | C12: 489 | E12: Corrugated 1 | F12: 561
A13: Corrugated 2 | C13: 143 | E13: Corrugated 2 | F13: 16
A14: Corrugated 3 | C14: 77 | E14: Corrugated 3 | F14: 30
A15: Corrugated 4 | C15: 36 | E15: Corrugated 4 | F15: 291
A16: Corrugated 5 | C16: 258 | E16: Corrugated 5 | F16: 122
A17: Corrugated 6 | C17: 30 | E17: Corrugated 6 | F17: 34
A18: Corrugated 7 | C18: 72 | E18: HDPE 1 | F18: 8
A19: Corrugated 8 | C19: 16 | E19: HDPE 2 | F19: 44
A20: Corrugated 9 | C20: 157 | E20: Cord
A21: Metal | C21: 81
A22: HDPE 1 | C22: 8
A23: HDPE 2 | C23: 44
A24: Cord
A27: Paper | C27: =SUM(C12:C20) -> 1278 | F27: =SUM(F12:F17) -> 1054
A28: HDPE | C28: =SUM(C22:C23) -> 52 | F28: =SUM(F18:F19) -> 52
A29: Metal | C29: =C21 -> 81
